2026-03-19 23:45:26 | INFO     | main | JWT_SECRET loaded (length=43). Login and credential decryption will use it.
2026-03-19 23:45:26 | INFO     | icici_breeze_backend.app.services.processor | Downloading ICICI master from https://directlink.icicidirect.com/NewSecurityMaster/SecurityMaster.zip
2026-03-19 23:45:32 | INFO     | icici_breeze_backend.app.services.processor | ICICI master download completed
2026-03-19 23:45:32 | INFO     | icici_breeze_backend.app.services.processor | Extracted 5 items to data/
2026-03-19 23:45:32 | WARNING  | icici_breeze_backend.app.services.processor | Quantity limits file not found: data/NSEFreezeLimits.txt
2026-03-19 23:45:32 | WARNING  | icici_breeze_backend.app.services.processor | Quantity limits file not found: data/BSEFreezeLimits.txt
2026-03-19 23:45:32 | WARNING  | main | ICICI master update failed at startup: No quantity limits rows loaded from NSEFreezeLimits/BSEFreezeLimits.
Traceback (most recent call last):
  File "/Users/amitmhatre/Documents/GitHub/ICICI-Breeze-Modern/backend/src/icici_breeze_backend/main.py", line 130, in start_application
    breeze.update_ICICImaster()
    ~~~~~~~~~~~~~~~~~~~~~~~~~^^
  File "/Users/amitmhatre/Documents/GitHub/ICICI-Breeze-Modern/backend/src/icici_breeze_backend/app/services/processor.py", line 1209, in update_ICICImaster
    self.load_qty_limits([
    ~~~~~~~~~~~~~~~~~~~~^^
        (os.path.join(cfg.DATA_PATH, cfg.LIMITS_MASTER_NSE), cfg.NFO),
        ^^^^^^^^^^^^^^^^^^^^^^^^^^^^^^^^^^^^^^^^^^^^^^^^^^^^^^^^^^^^^^
        (os.path.join(cfg.DATA_PATH, cfg.LIMITS_MASTER_BSE), cfg.BFO),
        ^^^^^^^^^^^^^^^^^^^^^^^^^^^^^^^^^^^^^^^^^^^^^^^^^^^^^^^^^^^^^^
    ])
    ^^
  File "/Users/amitmhatre/Documents/GitHub/ICICI-Breeze-Modern/backend/src/icici_breeze_backend/app/services/processor.py", line 1292, in load_qty_limits
    raise FileNotFoundError("No quantity limits rows loaded from NSEFreezeLimits/BSEFreezeLimits.")
FileNotFoundError: No quantity limits rows loaded from NSEFreezeLimits/BSEFreezeLimits.
2026-03-20 12:10:49 | INFO     | main | JWT_SECRET loaded (length=43). Login and credential decryption will use it.
2026-03-20 12:10:49 | INFO     | icici_breeze_backend.app.services.processor | Downloading ICICI master from https://directlink.icicidirect.com/NewSecurityMaster/SecurityMaster.zip
2026-03-20 12:10:50 | INFO     | icici_breeze_backend.app.services.processor | ICICI master download completed
2026-03-20 12:10:50 | INFO     | icici_breeze_backend.app.services.processor | Extracted 5 items to data/
2026-03-20 12:10:50 | WARNING  | icici_breeze_backend.app.services.processor | Quantity limits file not found: data/NSEFreezeLimits.txt
2026-03-20 12:10:50 | WARNING  | icici_breeze_backend.app.services.processor | Quantity limits file not found: data/BSEFreezeLimits.txt
2026-03-20 12:10:50 | WARNING  | main | ICICI master update failed at startup: No quantity limits rows loaded from NSEFreezeLimits/BSEFreezeLimits.
Traceback (most recent call last):
  File "/Users/amitmhatre/Documents/GitHub/ICICI-Breeze-Modern/backend/src/icici_breeze_backend/main.py", line 140, in start_application
    breeze.update_ICICImaster()
  File "/Users/amitmhatre/Documents/GitHub/ICICI-Breeze-Modern/backend/src/icici_breeze_backend/app/services/processor.py", line 1209, in update_ICICImaster
    self.load_qty_limits([
  File "/Users/amitmhatre/Documents/GitHub/ICICI-Breeze-Modern/backend/src/icici_breeze_backend/app/services/processor.py", line 1292, in load_qty_limits
    raise FileNotFoundError("No quantity limits rows loaded from NSEFreezeLimits/BSEFreezeLimits.")
FileNotFoundError: No quantity limits rows loaded from NSEFreezeLimits/BSEFreezeLimits.
2026-03-20 12:15:08 | INFO     | main | JWT_SECRET loaded (length=43). Login and credential decryption will use it.
2026-03-20 12:15:08 | INFO     | icici_breeze_backend.app.services.processor | Downloading ICICI master from https://directlink.icicidirect.com/NewSecurityMaster/SecurityMaster.zip
2026-03-20 12:15:08 | INFO     | icici_breeze_backend.app.services.processor | ICICI master download completed
2026-03-20 12:15:08 | INFO     | icici_breeze_backend.app.services.processor | Extracted 5 items to data/
2026-03-20 12:15:08 | WARNING  | icici_breeze_backend.app.services.processor | Quantity limits file not found: data/NSEFreezeLimits.txt
2026-03-20 12:15:08 | WARNING  | icici_breeze_backend.app.services.processor | Quantity limits file not found: data/BSEFreezeLimits.txt
2026-03-20 12:15:08 | WARNING  | main | ICICI master update failed at startup: No quantity limits rows loaded from NSEFreezeLimits/BSEFreezeLimits.
Traceback (most recent call last):
  File "/Users/amitmhatre/Documents/GitHub/ICICI-Breeze-Modern/backend/src/icici_breeze_backend/main.py", line 140, in start_application
    breeze.update_ICICImaster()
  File "/Users/amitmhatre/Documents/GitHub/ICICI-Breeze-Modern/backend/src/icici_breeze_backend/app/services/processor.py", line 1209, in update_ICICImaster
    self.load_qty_limits([
  File "/Users/amitmhatre/Documents/GitHub/ICICI-Breeze-Modern/backend/src/icici_breeze_backend/app/services/processor.py", line 1292, in load_qty_limits
    raise FileNotFoundError("No quantity limits rows loaded from NSEFreezeLimits/BSEFreezeLimits.")
FileNotFoundError: No quantity limits rows loaded from NSEFreezeLimits/BSEFreezeLimits.
2026-03-20 12:15:29 | INFO     | main | JWT_SECRET loaded (length=43). Login and credential decryption will use it.
2026-03-20 12:15:29 | INFO     | icici_breeze_backend.app.services.processor | Downloading ICICI master from https://directlink.icicidirect.com/NewSecurityMaster/SecurityMaster.zip
2026-03-20 12:15:29 | INFO     | icici_breeze_backend.app.services.processor | ICICI master download completed
2026-03-20 12:15:29 | INFO     | icici_breeze_backend.app.services.processor | Extracted 5 items to data/
2026-03-20 12:15:29 | WARNING  | icici_breeze_backend.app.services.processor | Quantity limits file not found: data/NSEFreezeLimits.txt
2026-03-20 12:15:29 | WARNING  | icici_breeze_backend.app.services.processor | Quantity limits file not found: data/BSEFreezeLimits.txt
2026-03-20 12:15:29 | WARNING  | main | ICICI master update failed at startup: No quantity limits rows loaded from NSEFreezeLimits/BSEFreezeLimits.
Traceback (most recent call last):
  File "/Users/amitmhatre/Documents/GitHub/ICICI-Breeze-Modern/backend/src/icici_breeze_backend/main.py", line 142, in start_application
    breeze.update_ICICImaster()
  File "/Users/amitmhatre/Documents/GitHub/ICICI-Breeze-Modern/backend/src/icici_breeze_backend/app/services/processor.py", line 1209, in update_ICICImaster
    self.load_qty_limits([
  File "/Users/amitmhatre/Documents/GitHub/ICICI-Breeze-Modern/backend/src/icici_breeze_backend/app/services/processor.py", line 1292, in load_qty_limits
    raise FileNotFoundError("No quantity limits rows loaded from NSEFreezeLimits/BSEFreezeLimits.")
FileNotFoundError: No quantity limits rows loaded from NSEFreezeLimits/BSEFreezeLimits.
2026-03-20 12:15:31 | INFO     | main | JWT_SECRET loaded (length=43). Login and credential decryption will use it.
2026-03-20 12:15:31 | INFO     | icici_breeze_backend.app.services.processor | Downloading ICICI master from https://directlink.icicidirect.com/NewSecurityMaster/SecurityMaster.zip
2026-03-20 12:15:31 | INFO     | icici_breeze_backend.app.services.processor | ICICI master download completed
2026-03-20 12:15:31 | INFO     | icici_breeze_backend.app.services.processor | Extracted 5 items to data/
2026-03-20 12:15:31 | WARNING  | icici_breeze_backend.app.services.processor | Quantity limits file not found: data/NSEFreezeLimits.txt
2026-03-20 12:15:31 | WARNING  | icici_breeze_backend.app.services.processor | Quantity limits file not found: data/BSEFreezeLimits.txt
2026-03-20 12:15:31 | WARNING  | main | ICICI master update failed at startup: No quantity limits rows loaded from NSEFreezeLimits/BSEFreezeLimits.
Traceback (most recent call last):
  File "/Users/amitmhatre/Documents/GitHub/ICICI-Breeze-Modern/backend/src/icici_breeze_backend/main.py", line 142, in start_application
    breeze.update_ICICImaster()
  File "/Users/amitmhatre/Documents/GitHub/ICICI-Breeze-Modern/backend/src/icici_breeze_backend/app/services/processor.py", line 1209, in update_ICICImaster
    self.load_qty_limits([
  File "/Users/amitmhatre/Documents/GitHub/ICICI-Breeze-Modern/backend/src/icici_breeze_backend/app/services/processor.py", line 1292, in load_qty_limits
    raise FileNotFoundError("No quantity limits rows loaded from NSEFreezeLimits/BSEFreezeLimits.")
FileNotFoundError: No quantity limits rows loaded from NSEFreezeLimits/BSEFreezeLimits.
2026-03-20 12:16:19 | INFO     | main | JWT_SECRET loaded (length=43). Login and credential decryption will use it.
2026-03-20 12:16:19 | INFO     | icici_breeze_backend.app.services.processor | Downloading ICICI master from https://directlink.icicidirect.com/NewSecurityMaster/SecurityMaster.zip
2026-03-20 12:16:20 | INFO     | icici_breeze_backend.app.services.processor | ICICI master download completed
2026-03-20 12:16:20 | INFO     | icici_breeze_backend.app.services.processor | Extracted 5 items to data/
2026-03-20 12:16:20 | WARNING  | icici_breeze_backend.app.services.processor | Quantity limits file not found: data/NSEFreezeLimits.txt
2026-03-20 12:16:20 | WARNING  | icici_breeze_backend.app.services.processor | Quantity limits file not found: data/BSEFreezeLimits.txt
2026-03-20 12:16:20 | WARNING  | main | ICICI master update failed at startup: No quantity limits rows loaded from NSEFreezeLimits/BSEFreezeLimits.
Traceback (most recent call last):
  File "/Users/amitmhatre/Documents/GitHub/ICICI-Breeze-Modern/backend/src/icici_breeze_backend/main.py", line 142, in start_application
    breeze.update_ICICImaster()
  File "/Users/amitmhatre/Documents/GitHub/ICICI-Breeze-Modern/backend/src/icici_breeze_backend/app/services/processor.py", line 1209, in update_ICICImaster
    self.load_qty_limits([
  File "/Users/amitmhatre/Documents/GitHub/ICICI-Breeze-Modern/backend/src/icici_breeze_backend/app/services/processor.py", line 1292, in load_qty_limits
    raise FileNotFoundError("No quantity limits rows loaded from NSEFreezeLimits/BSEFreezeLimits.")
FileNotFoundError: No quantity limits rows loaded from NSEFreezeLimits/BSEFreezeLimits.
2026-03-20 12:16:42 | INFO     | main | JWT_SECRET loaded (length=43). Login and credential decryption will use it.
2026-03-20 12:16:42 | INFO     | icici_breeze_backend.app.services.processor | Downloading ICICI master from https://directlink.icicidirect.com/NewSecurityMaster/SecurityMaster.zip
2026-03-20 12:16:42 | INFO     | icici_breeze_backend.app.services.processor | ICICI master download completed
2026-03-20 12:16:43 | INFO     | icici_breeze_backend.app.services.processor | Extracted 5 items to /Users/amitmhatre/Documents/GitHub/ICICI-Breeze-Modern/backend/data/
2026-03-20 12:16:43 | INFO     | icici_breeze_backend.app.services.processor | Loaded quantity limits rows into raw_limits_data (222 rows)
2026-03-20 12:16:43 | INFO     | icici_breeze_backend.app.services.processor | Loading scrip master from /Users/amitmhatre/Documents/GitHub/ICICI-Breeze-Modern/backend/data/FONSEScripMaster.txt
2026-03-20 12:16:44 | INFO     | icici_breeze_backend.app.services.processor | Loaded raw_scrip_data from CSV (104783 rows)
2026-03-20 12:16:44 | INFO     | icici_breeze_backend.app.services.processor | Inserted filtered data into scrip_master
2026-03-20 12:16:44 | INFO     | icici_breeze_backend.app.services.processor | Scrip master load completed successfully
2026-03-20 12:16:44 | INFO     | icici_breeze_backend.app.services.processor | Loading scrip master from /Users/amitmhatre/Documents/GitHub/ICICI-Breeze-Modern/backend/data/FOBSEScripMaster.txt
2026-03-20 12:16:44 | INFO     | icici_breeze_backend.app.services.processor | Loaded raw_scrip_data from CSV (6304 rows)
2026-03-20 12:16:44 | INFO     | icici_breeze_backend.app.services.processor | Inserted filtered data into scrip_master
2026-03-20 12:16:44 | INFO     | icici_breeze_backend.app.services.processor | Scrip master load completed successfully
2026-03-20 12:16:51 | INFO     | main | JWT_SECRET loaded (length=43). Login and credential decryption will use it.
2026-03-20 12:16:51 | INFO     | icici_breeze_backend.app.services.processor | Downloading ICICI master from https://directlink.icicidirect.com/NewSecurityMaster/SecurityMaster.zip
2026-03-20 12:16:51 | INFO     | icici_breeze_backend.app.services.processor | ICICI master download completed
2026-03-20 12:16:51 | INFO     | icici_breeze_backend.app.services.processor | Extracted 5 items to /Users/amitmhatre/Documents/GitHub/ICICI-Breeze-Modern/backend/data/
2026-03-20 12:16:51 | INFO     | icici_breeze_backend.app.services.processor | Loaded quantity limits rows into raw_limits_data (222 rows)
2026-03-20 12:16:51 | INFO     | icici_breeze_backend.app.services.processor | Loading scrip master from /Users/amitmhatre/Documents/GitHub/ICICI-Breeze-Modern/backend/data/FONSEScripMaster.txt
2026-03-20 12:16:52 | INFO     | icici_breeze_backend.app.services.processor | Loaded raw_scrip_data from CSV (104783 rows)
2026-03-20 12:16:52 | INFO     | icici_breeze_backend.app.services.processor | Inserted filtered data into scrip_master
2026-03-20 12:16:52 | INFO     | icici_breeze_backend.app.services.processor | Scrip master load completed successfully
2026-03-20 12:16:52 | INFO     | icici_breeze_backend.app.services.processor | Loading scrip master from /Users/amitmhatre/Documents/GitHub/ICICI-Breeze-Modern/backend/data/FOBSEScripMaster.txt
2026-03-20 12:16:52 | INFO     | icici_breeze_backend.app.services.processor | Loaded raw_scrip_data from CSV (6304 rows)
2026-03-20 12:16:52 | INFO     | icici_breeze_backend.app.services.processor | Inserted filtered data into scrip_master
2026-03-20 12:16:52 | INFO     | icici_breeze_backend.app.services.processor | Scrip master load completed successfully
2026-03-20 12:20:47 | INFO     | httpx | HTTP Request: GET https://accounts.google.com/.well-known/openid-configuration "HTTP/1.1 200 OK"
2026-03-20 12:20:47 | INFO     | app.middleware | Incoming request GET /auth/google user_id=127.0.0.1
2026-03-20 12:20:51 | INFO     | httpx | HTTP Request: POST https://oauth2.googleapis.com/token "HTTP/1.1 200 OK"
2026-03-20 12:20:51 | INFO     | httpx | HTTP Request: GET https://www.googleapis.com/oauth2/v3/certs "HTTP/1.1 200 OK"
2026-03-20 12:20:51 | INFO     | app.middleware | Incoming request GET /auth/google/callback user_id=127.0.0.1
2026-03-20 12:20:51 | INFO     | app.middleware | Incoming request GET /auth/icici-redirect user_id=127.0.0.1
2026-03-20 12:21:06 | INFO     | app.middleware | Incoming request POST /icici-return user_id=127.0.0.1
2026-03-20 12:21:56 | INFO     | main | JWT_SECRET loaded (length=43). Login and credential decryption will use it.
2026-03-20 12:21:56 | INFO     | icici_breeze_backend.app.services.processor | Downloading ICICI master from https://directlink.icicidirect.com/NewSecurityMaster/SecurityMaster.zip
2026-03-20 12:21:56 | INFO     | icici_breeze_backend.app.services.processor | ICICI master download completed
2026-03-20 12:21:56 | INFO     | icici_breeze_backend.app.services.processor | Extracted 5 items to /Users/amitmhatre/Documents/GitHub/ICICI-Breeze-Modern/backend/data/
2026-03-20 12:21:56 | INFO     | icici_breeze_backend.app.services.processor | Loaded quantity limits rows into raw_limits_data (222 rows)
2026-03-20 12:21:56 | INFO     | icici_breeze_backend.app.services.processor | Loading scrip master from /Users/amitmhatre/Documents/GitHub/ICICI-Breeze-Modern/backend/data/FONSEScripMaster.txt
2026-03-20 12:21:57 | INFO     | icici_breeze_backend.app.services.processor | Loaded raw_scrip_data from CSV (104783 rows)
2026-03-20 12:21:57 | INFO     | icici_breeze_backend.app.services.processor | Inserted filtered data into scrip_master
2026-03-20 12:21:57 | INFO     | icici_breeze_backend.app.services.processor | Scrip master load completed successfully
2026-03-20 12:21:57 | INFO     | icici_breeze_backend.app.services.processor | Loading scrip master from /Users/amitmhatre/Documents/GitHub/ICICI-Breeze-Modern/backend/data/FOBSEScripMaster.txt
2026-03-20 12:21:57 | INFO     | icici_breeze_backend.app.services.processor | Loaded raw_scrip_data from CSV (6304 rows)
2026-03-20 12:21:57 | INFO     | icici_breeze_backend.app.services.processor | Inserted filtered data into scrip_master
2026-03-20 12:21:57 | INFO     | icici_breeze_backend.app.services.processor | Scrip master load completed successfully
2026-03-20 12:22:00 | INFO     | main | JWT_SECRET loaded (length=43). Login and credential decryption will use it.
2026-03-20 12:22:00 | INFO     | icici_breeze_backend.app.services.processor | Downloading ICICI master from https://directlink.icicidirect.com/NewSecurityMaster/SecurityMaster.zip
2026-03-20 12:22:01 | INFO     | icici_breeze_backend.app.services.processor | ICICI master download completed
2026-03-20 12:22:01 | INFO     | icici_breeze_backend.app.services.processor | Extracted 5 items to /Users/amitmhatre/Documents/GitHub/ICICI-Breeze-Modern/backend/data/
2026-03-20 12:22:01 | INFO     | icici_breeze_backend.app.services.processor | Loaded quantity limits rows into raw_limits_data (222 rows)
2026-03-20 12:22:01 | INFO     | icici_breeze_backend.app.services.processor | Loading scrip master from /Users/amitmhatre/Documents/GitHub/ICICI-Breeze-Modern/backend/data/FONSEScripMaster.txt
2026-03-20 12:22:02 | INFO     | icici_breeze_backend.app.services.processor | Loaded raw_scrip_data from CSV (104783 rows)
2026-03-20 12:22:02 | INFO     | icici_breeze_backend.app.services.processor | Inserted filtered data into scrip_master
2026-03-20 12:22:02 | INFO     | icici_breeze_backend.app.services.processor | Scrip master load completed successfully
2026-03-20 12:22:02 | INFO     | icici_breeze_backend.app.services.processor | Loading scrip master from /Users/amitmhatre/Documents/GitHub/ICICI-Breeze-Modern/backend/data/FOBSEScripMaster.txt
2026-03-20 12:22:02 | INFO     | icici_breeze_backend.app.services.processor | Loaded raw_scrip_data from CSV (6304 rows)
2026-03-20 12:22:02 | INFO     | icici_breeze_backend.app.services.processor | Inserted filtered data into scrip_master
2026-03-20 12:22:02 | INFO     | icici_breeze_backend.app.services.processor | Scrip master load completed successfully
2026-03-20 12:22:07 | INFO     | main | JWT_SECRET loaded (length=43). Login and credential decryption will use it.
2026-03-20 12:22:07 | INFO     | icici_breeze_backend.app.services.processor | Downloading ICICI master from https://directlink.icicidirect.com/NewSecurityMaster/SecurityMaster.zip
2026-03-20 12:22:08 | INFO     | icici_breeze_backend.app.services.processor | ICICI master download completed
2026-03-20 12:22:08 | INFO     | icici_breeze_backend.app.services.processor | Extracted 5 items to /Users/amitmhatre/Documents/GitHub/ICICI-Breeze-Modern/backend/data/
2026-03-20 12:22:08 | INFO     | icici_breeze_backend.app.services.processor | Loaded quantity limits rows into raw_limits_data (222 rows)
2026-03-20 12:22:08 | INFO     | icici_breeze_backend.app.services.processor | Loading scrip master from /Users/amitmhatre/Documents/GitHub/ICICI-Breeze-Modern/backend/data/FONSEScripMaster.txt
2026-03-20 12:22:08 | INFO     | icici_breeze_backend.app.services.processor | Loaded raw_scrip_data from CSV (104783 rows)
2026-03-20 12:22:08 | INFO     | icici_breeze_backend.app.services.processor | Inserted filtered data into scrip_master
2026-03-20 12:22:08 | INFO     | icici_breeze_backend.app.services.processor | Scrip master load completed successfully
2026-03-20 12:22:08 | INFO     | icici_breeze_backend.app.services.processor | Loading scrip master from /Users/amitmhatre/Documents/GitHub/ICICI-Breeze-Modern/backend/data/FOBSEScripMaster.txt
2026-03-20 12:22:09 | INFO     | icici_breeze_backend.app.services.processor | Loaded raw_scrip_data from CSV (6304 rows)
2026-03-20 12:22:09 | INFO     | icici_breeze_backend.app.services.processor | Inserted filtered data into scrip_master
2026-03-20 12:22:09 | INFO     | icici_breeze_backend.app.services.processor | Scrip master load completed successfully
2026-03-20 12:22:09 | INFO     | app.middleware | Incoming request POST /icici-return user_id=testclient
2026-03-20 12:22:09 | INFO     | httpx | HTTP Request: POST http://testserver/icici-return?apisession=abc123 "HTTP/1.1 303 See Other"
2026-03-20 12:22:09 | INFO     | app.middleware | Incoming request POST /icici-return user_id=testclient
2026-03-20 12:22:09 | INFO     | httpx | HTTP Request: POST http://testserver/icici-return?apisession=abc123 "HTTP/1.1 303 See Other"
2026-03-20 12:25:37 | INFO     | main | JWT_SECRET loaded (length=43). Login and credential decryption will use it.
2026-03-20 12:25:37 | INFO     | icici_breeze_backend.app.services.processor | Downloading ICICI master from https://directlink.icicidirect.com/NewSecurityMaster/SecurityMaster.zip
2026-03-20 12:25:37 | INFO     | icici_breeze_backend.app.services.processor | ICICI master download completed
2026-03-20 12:25:37 | INFO     | icici_breeze_backend.app.services.processor | Extracted 5 items to /Users/amitmhatre/Documents/GitHub/ICICI-Breeze-Modern/backend/data/
2026-03-20 12:25:37 | INFO     | icici_breeze_backend.app.services.processor | Loaded quantity limits rows into raw_limits_data (222 rows)
2026-03-20 12:25:37 | INFO     | icici_breeze_backend.app.services.processor | Loading scrip master from /Users/amitmhatre/Documents/GitHub/ICICI-Breeze-Modern/backend/data/FONSEScripMaster.txt
2026-03-20 12:25:38 | INFO     | icici_breeze_backend.app.services.processor | Loaded raw_scrip_data from CSV (104783 rows)
2026-03-20 12:25:38 | INFO     | icici_breeze_backend.app.services.processor | Inserted filtered data into scrip_master
2026-03-20 12:25:38 | INFO     | icici_breeze_backend.app.services.processor | Scrip master load completed successfully
2026-03-20 12:25:38 | INFO     | icici_breeze_backend.app.services.processor | Loading scrip master from /Users/amitmhatre/Documents/GitHub/ICICI-Breeze-Modern/backend/data/FOBSEScripMaster.txt
2026-03-20 12:25:38 | INFO     | icici_breeze_backend.app.services.processor | Loaded raw_scrip_data from CSV (6304 rows)
2026-03-20 12:25:38 | INFO     | icici_breeze_backend.app.services.processor | Inserted filtered data into scrip_master
2026-03-20 12:25:38 | INFO     | icici_breeze_backend.app.services.processor | Scrip master load completed successfully
2026-03-20 12:25:57 | INFO     | httpx | HTTP Request: GET https://accounts.google.com/.well-known/openid-configuration "HTTP/1.1 200 OK"
2026-03-20 12:25:57 | INFO     | app.middleware | Incoming request GET /auth/google user_id=127.0.0.1
2026-03-20 12:26:01 | INFO     | httpx | HTTP Request: POST https://oauth2.googleapis.com/token "HTTP/1.1 200 OK"
2026-03-20 12:26:01 | INFO     | httpx | HTTP Request: GET https://www.googleapis.com/oauth2/v3/certs "HTTP/1.1 200 OK"
2026-03-20 12:26:01 | INFO     | app.middleware | Incoming request GET /auth/google/callback user_id=127.0.0.1
2026-03-20 12:26:01 | INFO     | app.middleware | Incoming request GET /auth/icici-redirect user_id=127.0.0.1
2026-03-20 12:26:17 | INFO     | app.middleware | Incoming request POST /icici-return user_id=127.0.0.1
2026-03-20 12:27:09 | INFO     | main | JWT_SECRET loaded (length=43). Login and credential decryption will use it.
2026-03-20 12:27:09 | INFO     | icici_breeze_backend.app.services.processor | Downloading ICICI master from https://directlink.icicidirect.com/NewSecurityMaster/SecurityMaster.zip
2026-03-20 12:27:09 | INFO     | icici_breeze_backend.app.services.processor | ICICI master download completed
2026-03-20 12:27:09 | INFO     | icici_breeze_backend.app.services.processor | Extracted 5 items to /Users/amitmhatre/Documents/GitHub/ICICI-Breeze-Modern/backend/data/
2026-03-20 12:27:09 | INFO     | icici_breeze_backend.app.services.processor | Loaded quantity limits rows into raw_limits_data (222 rows)
2026-03-20 12:27:09 | INFO     | icici_breeze_backend.app.services.processor | Loading scrip master from /Users/amitmhatre/Documents/GitHub/ICICI-Breeze-Modern/backend/data/FONSEScripMaster.txt
2026-03-20 12:27:10 | INFO     | icici_breeze_backend.app.services.processor | Loaded raw_scrip_data from CSV (104783 rows)
2026-03-20 12:27:10 | INFO     | icici_breeze_backend.app.services.processor | Inserted filtered data into scrip_master
2026-03-20 12:27:10 | INFO     | icici_breeze_backend.app.services.processor | Scrip master load completed successfully
2026-03-20 12:27:10 | INFO     | icici_breeze_backend.app.services.processor | Loading scrip master from /Users/amitmhatre/Documents/GitHub/ICICI-Breeze-Modern/backend/data/FOBSEScripMaster.txt
2026-03-20 12:27:10 | INFO     | icici_breeze_backend.app.services.processor | Loaded raw_scrip_data from CSV (6304 rows)
2026-03-20 12:27:10 | INFO     | icici_breeze_backend.app.services.processor | Inserted filtered data into scrip_master
2026-03-20 12:27:10 | INFO     | icici_breeze_backend.app.services.processor | Scrip master load completed successfully
2026-03-20 12:53:54 | INFO     | main | JWT_SECRET loaded (length=43). Login and credential decryption will use it.
2026-03-20 12:53:54 | INFO     | icici_breeze_backend.app.services.processor | Downloading ICICI master from https://directlink.icicidirect.com/NewSecurityMaster/SecurityMaster.zip
2026-03-20 12:53:54 | INFO     | icici_breeze_backend.app.services.processor | ICICI master download completed
2026-03-20 12:53:54 | INFO     | icici_breeze_backend.app.services.processor | Extracted 5 items to /Users/amitmhatre/Documents/GitHub/ICICI-Breeze-Modern/backend/data/
2026-03-20 12:53:54 | INFO     | icici_breeze_backend.app.services.processor | Loaded quantity limits rows into raw_limits_data (222 rows)
2026-03-20 12:53:54 | INFO     | icici_breeze_backend.app.services.processor | Loading scrip master from /Users/amitmhatre/Documents/GitHub/ICICI-Breeze-Modern/backend/data/FONSEScripMaster.txt
2026-03-20 12:53:55 | INFO     | icici_breeze_backend.app.services.processor | Loaded raw_scrip_data from CSV (104783 rows)
2026-03-20 12:53:55 | INFO     | icici_breeze_backend.app.services.processor | Inserted filtered data into scrip_master
2026-03-20 12:53:55 | INFO     | icici_breeze_backend.app.services.processor | Scrip master load completed successfully
2026-03-20 12:53:56 | INFO     | icici_breeze_backend.app.services.processor | Loading scrip master from /Users/amitmhatre/Documents/GitHub/ICICI-Breeze-Modern/backend/data/FOBSEScripMaster.txt
2026-03-20 12:53:56 | INFO     | icici_breeze_backend.app.services.processor | Loaded raw_scrip_data from CSV (6304 rows)
2026-03-20 12:53:56 | INFO     | icici_breeze_backend.app.services.processor | Inserted filtered data into scrip_master
2026-03-20 12:53:56 | INFO     | icici_breeze_backend.app.services.processor | Scrip master load completed successfully
2026-03-20 12:55:54 | INFO     | httpx | HTTP Request: GET https://accounts.google.com/.well-known/openid-configuration "HTTP/1.1 200 OK"
2026-03-20 12:55:54 | INFO     | app.middleware | Incoming request GET /auth/google user_id=127.0.0.1
2026-03-20 12:55:58 | INFO     | httpx | HTTP Request: POST https://oauth2.googleapis.com/token "HTTP/1.1 200 OK"
2026-03-20 12:55:58 | INFO     | httpx | HTTP Request: GET https://www.googleapis.com/oauth2/v3/certs "HTTP/1.1 200 OK"
2026-03-20 12:55:58 | INFO     | app.middleware | Incoming request GET /auth/google/callback user_id=127.0.0.1
2026-03-20 12:55:58 | INFO     | app.middleware | Incoming request GET /auth/icici-redirect user_id=127.0.0.1
2026-03-20 12:56:14 | INFO     | app.middleware | Incoming request POST /icici-return user_id=127.0.0.1
2026-03-20 12:56:14 | INFO     | app.middleware | Incoming request GET /auth/challenge-context user_id=127.0.0.1
2026-03-20 12:56:25 | INFO     | icici_breeze_backend.app.api.v1.home | login_submit user_id=VIKRAMMH apisession_present=True secret_fragment_present=True
2026-03-20 12:56:29 | INFO     | httpx | HTTP Request: GET https://api.icicidirect.com/breezeapi/api/v1/customerdetails "HTTP/1.1 200 OK"
2026-03-20 12:56:29 | INFO     | httpx | HTTP Request: GET https://api.icicidirect.com/breezeapi/api/v1/margin "HTTP/1.1 200 OK"
2026-03-20 12:56:29 | INFO     | icici_breeze_backend.app.api.v1.home | login_submit success user_id=VIKRAMMH
2026-03-20 12:56:29 | INFO     | app.middleware | Incoming request POST /auth/icici-session user_id=127.0.0.1
2026-03-20 12:56:31 | INFO     | icici_breeze_backend.app.services.processor | get_session_breeze: session created for user_id=VIKRAMMH
2026-03-20 12:56:33 | ERROR    | main | Unhandled exception: path=/home/data correlation_id=70f26172-e232-43bc-b34c-65fceb36519d error=processor.get_margin_situation() missing 1 required positional argument: 'target_margin_ute'
Traceback (most recent call last):
  File "/Users/amitmhatre/Documents/GitHub/ICICI-Breeze-Modern/backend/.venv/lib/python3.12/site-packages/anyio/streams/memory.py", line 98, in receive
    return self.receive_nowait()
           ^^^^^^^^^^^^^^^^^^^^^
  File "/Users/amitmhatre/Documents/GitHub/ICICI-Breeze-Modern/backend/.venv/lib/python3.12/site-packages/anyio/streams/memory.py", line 93, in receive_nowait
    raise WouldBlock
anyio.WouldBlock

During handling of the above exception, another exception occurred:

Traceback (most recent call last):
  File "/Users/amitmhatre/Documents/GitHub/ICICI-Breeze-Modern/backend/.venv/lib/python3.12/site-packages/starlette/middleware/base.py", line 78, in call_next
    message = await recv_stream.receive()
              ^^^^^^^^^^^^^^^^^^^^^^^^^^^
  File "/Users/amitmhatre/Documents/GitHub/ICICI-Breeze-Modern/backend/.venv/lib/python3.12/site-packages/anyio/streams/memory.py", line 118, in receive
    raise EndOfStream
anyio.EndOfStream

During handling of the above exception, another exception occurred:

Traceback (most recent call last):
  File "/Users/amitmhatre/Documents/GitHub/ICICI-Breeze-Modern/backend/.venv/lib/python3.12/site-packages/starlette/middleware/errors.py", line 162, in __call__
    await self.app(scope, receive, _send)
  File "/Users/amitmhatre/Documents/GitHub/ICICI-Breeze-Modern/backend/.venv/lib/python3.12/site-packages/starlette/middleware/base.py", line 108, in __call__
    response = await self.dispatch_func(request, call_next)
               ^^^^^^^^^^^^^^^^^^^^^^^^^^^^^^^^^^^^^^^^^^^^
  File "/Users/amitmhatre/Documents/GitHub/ICICI-Breeze-Modern/backend/src/icici_breeze_backend/app/middleware/request_logger.py", line 20, in dispatch
    response = await call_next(request)
               ^^^^^^^^^^^^^^^^^^^^^^^^
  File "/Users/amitmhatre/Documents/GitHub/ICICI-Breeze-Modern/backend/.venv/lib/python3.12/site-packages/starlette/middleware/base.py", line 84, in call_next
    raise app_exc
  File "/Users/amitmhatre/Documents/GitHub/ICICI-Breeze-Modern/backend/.venv/lib/python3.12/site-packages/starlette/middleware/base.py", line 70, in coro
    await self.app(scope, receive_or_disconnect, send_no_error)
  File "/Users/amitmhatre/Documents/GitHub/ICICI-Breeze-Modern/backend/.venv/lib/python3.12/site-packages/starlette/middleware/base.py", line 108, in __call__
    response = await self.dispatch_func(request, call_next)
               ^^^^^^^^^^^^^^^^^^^^^^^^^^^^^^^^^^^^^^^^^^^^
  File "/Users/amitmhatre/Documents/GitHub/ICICI-Breeze-Modern/backend/src/icici_breeze_backend/app/middleware/correlation.py", line 14, in dispatch
    response = await call_next(request)
               ^^^^^^^^^^^^^^^^^^^^^^^^
  File "/Users/amitmhatre/Documents/GitHub/ICICI-Breeze-Modern/backend/.venv/lib/python3.12/site-packages/starlette/middleware/base.py", line 84, in call_next
    raise app_exc
  File "/Users/amitmhatre/Documents/GitHub/ICICI-Breeze-Modern/backend/.venv/lib/python3.12/site-packages/starlette/middleware/base.py", line 70, in coro
    await self.app(scope, receive_or_disconnect, send_no_error)
  File "/Users/amitmhatre/Documents/GitHub/ICICI-Breeze-Modern/backend/.venv/lib/python3.12/site-packages/starlette/middleware/base.py", line 108, in __call__
    response = await self.dispatch_func(request, call_next)
               ^^^^^^^^^^^^^^^^^^^^^^^^^^^^^^^^^^^^^^^^^^^^
  File "/Users/amitmhatre/Documents/GitHub/ICICI-Breeze-Modern/backend/src/icici_breeze_backend/app/middleware/rate_limit.py", line 39, in dispatch
    return await call_next(request)
           ^^^^^^^^^^^^^^^^^^^^^^^^
  File "/Users/amitmhatre/Documents/GitHub/ICICI-Breeze-Modern/backend/.venv/lib/python3.12/site-packages/starlette/middleware/base.py", line 84, in call_next
    raise app_exc
  File "/Users/amitmhatre/Documents/GitHub/ICICI-Breeze-Modern/backend/.venv/lib/python3.12/site-packages/starlette/middleware/base.py", line 70, in coro
    await self.app(scope, receive_or_disconnect, send_no_error)
  File "/Users/amitmhatre/Documents/GitHub/ICICI-Breeze-Modern/backend/.venv/lib/python3.12/site-packages/starlette/middleware/cors.py", line 83, in __call__
    await self.app(scope, receive, send)
  File "/Users/amitmhatre/Documents/GitHub/ICICI-Breeze-Modern/backend/.venv/lib/python3.12/site-packages/starlette/middleware/sessions.py", line 86, in __call__
    await self.app(scope, receive, send_wrapper)
  File "/Users/amitmhatre/Documents/GitHub/ICICI-Breeze-Modern/backend/.venv/lib/python3.12/site-packages/starlette/middleware/exceptions.py", line 79, in __call__
    raise exc
  File "/Users/amitmhatre/Documents/GitHub/ICICI-Breeze-Modern/backend/.venv/lib/python3.12/site-packages/starlette/middleware/exceptions.py", line 68, in __call__
    await self.app(scope, receive, sender)
  File "/Users/amitmhatre/Documents/GitHub/ICICI-Breeze-Modern/backend/.venv/lib/python3.12/site-packages/fastapi/middleware/asyncexitstack.py", line 20, in __call__
    raise e
  File "/Users/amitmhatre/Documents/GitHub/ICICI-Breeze-Modern/backend/.venv/lib/python3.12/site-packages/fastapi/middleware/asyncexitstack.py", line 17, in __call__
    await self.app(scope, receive, send)
  File "/Users/amitmhatre/Documents/GitHub/ICICI-Breeze-Modern/backend/.venv/lib/python3.12/site-packages/starlette/routing.py", line 718, in __call__
    await route.handle(scope, receive, send)
  File "/Users/amitmhatre/Documents/GitHub/ICICI-Breeze-Modern/backend/.venv/lib/python3.12/site-packages/starlette/routing.py", line 276, in handle
    await self.app(scope, receive, send)
  File "/Users/amitmhatre/Documents/GitHub/ICICI-Breeze-Modern/backend/.venv/lib/python3.12/site-packages/starlette/routing.py", line 66, in app
    response = await func(request)
               ^^^^^^^^^^^^^^^^^^^
  File "/Users/amitmhatre/Documents/GitHub/ICICI-Breeze-Modern/backend/.venv/lib/python3.12/site-packages/fastapi/routing.py", line 274, in app
    raw_response = await run_endpoint_function(
                   ^^^^^^^^^^^^^^^^^^^^^^^^^^^^
  File "/Users/amitmhatre/Documents/GitHub/ICICI-Breeze-Modern/backend/.venv/lib/python3.12/site-packages/fastapi/routing.py", line 191, in run_endpoint_function
    return await dependant.call(**values)
           ^^^^^^^^^^^^^^^^^^^^^^^^^^^^^^
  File "/Users/amitmhatre/Documents/GitHub/ICICI-Breeze-Modern/backend/src/icici_breeze_backend/app/api/v1/home.py", line 385, in get_home_api
    margin = breeze.get_margin_situation(user_id)
             ^^^^^^^^^^^^^^^^^^^^^^^^^^^^^^^^^^^^
TypeError: processor.get_margin_situation() missing 1 required positional argument: 'target_margin_ute'
2026-03-20 12:56:33 | INFO     | app.middleware | Incoming request GET /dashboard/vix/options user_id=VIKRAMMH
2026-03-20 12:56:35 | ERROR    | main | Unhandled exception: path=/home/data correlation_id=16030747-7475-4952-a0fc-cb58e5cbeedb error=processor.get_margin_situation() missing 1 required positional argument: 'target_margin_ute'
Traceback (most recent call last):
  File "/Users/amitmhatre/Documents/GitHub/ICICI-Breeze-Modern/backend/.venv/lib/python3.12/site-packages/anyio/streams/memory.py", line 98, in receive
    return self.receive_nowait()
           ^^^^^^^^^^^^^^^^^^^^^
  File "/Users/amitmhatre/Documents/GitHub/ICICI-Breeze-Modern/backend/.venv/lib/python3.12/site-packages/anyio/streams/memory.py", line 93, in receive_nowait
    raise WouldBlock
anyio.WouldBlock

During handling of the above exception, another exception occurred:

Traceback (most recent call last):
  File "/Users/amitmhatre/Documents/GitHub/ICICI-Breeze-Modern/backend/.venv/lib/python3.12/site-packages/starlette/middleware/base.py", line 78, in call_next
    message = await recv_stream.receive()
              ^^^^^^^^^^^^^^^^^^^^^^^^^^^
  File "/Users/amitmhatre/Documents/GitHub/ICICI-Breeze-Modern/backend/.venv/lib/python3.12/site-packages/anyio/streams/memory.py", line 118, in receive
    raise EndOfStream
anyio.EndOfStream

During handling of the above exception, another exception occurred:

Traceback (most recent call last):
  File "/Users/amitmhatre/Documents/GitHub/ICICI-Breeze-Modern/backend/.venv/lib/python3.12/site-packages/starlette/middleware/errors.py", line 162, in __call__
    await self.app(scope, receive, _send)
  File "/Users/amitmhatre/Documents/GitHub/ICICI-Breeze-Modern/backend/.venv/lib/python3.12/site-packages/starlette/middleware/base.py", line 108, in __call__
    response = await self.dispatch_func(request, call_next)
               ^^^^^^^^^^^^^^^^^^^^^^^^^^^^^^^^^^^^^^^^^^^^
  File "/Users/amitmhatre/Documents/GitHub/ICICI-Breeze-Modern/backend/src/icici_breeze_backend/app/middleware/request_logger.py", line 20, in dispatch
    response = await call_next(request)
               ^^^^^^^^^^^^^^^^^^^^^^^^
  File "/Users/amitmhatre/Documents/GitHub/ICICI-Breeze-Modern/backend/.venv/lib/python3.12/site-packages/starlette/middleware/base.py", line 84, in call_next
    raise app_exc
  File "/Users/amitmhatre/Documents/GitHub/ICICI-Breeze-Modern/backend/.venv/lib/python3.12/site-packages/starlette/middleware/base.py", line 70, in coro
    await self.app(scope, receive_or_disconnect, send_no_error)
  File "/Users/amitmhatre/Documents/GitHub/ICICI-Breeze-Modern/backend/.venv/lib/python3.12/site-packages/starlette/middleware/base.py", line 108, in __call__
    response = await self.dispatch_func(request, call_next)
               ^^^^^^^^^^^^^^^^^^^^^^^^^^^^^^^^^^^^^^^^^^^^
  File "/Users/amitmhatre/Documents/GitHub/ICICI-Breeze-Modern/backend/src/icici_breeze_backend/app/middleware/correlation.py", line 14, in dispatch
    response = await call_next(request)
               ^^^^^^^^^^^^^^^^^^^^^^^^
  File "/Users/amitmhatre/Documents/GitHub/ICICI-Breeze-Modern/backend/.venv/lib/python3.12/site-packages/starlette/middleware/base.py", line 84, in call_next
    raise app_exc
  File "/Users/amitmhatre/Documents/GitHub/ICICI-Breeze-Modern/backend/.venv/lib/python3.12/site-packages/starlette/middleware/base.py", line 70, in coro
    await self.app(scope, receive_or_disconnect, send_no_error)
  File "/Users/amitmhatre/Documents/GitHub/ICICI-Breeze-Modern/backend/.venv/lib/python3.12/site-packages/starlette/middleware/base.py", line 108, in __call__
    response = await self.dispatch_func(request, call_next)
               ^^^^^^^^^^^^^^^^^^^^^^^^^^^^^^^^^^^^^^^^^^^^
  File "/Users/amitmhatre/Documents/GitHub/ICICI-Breeze-Modern/backend/src/icici_breeze_backend/app/middleware/rate_limit.py", line 39, in dispatch
    return await call_next(request)
           ^^^^^^^^^^^^^^^^^^^^^^^^
  File "/Users/amitmhatre/Documents/GitHub/ICICI-Breeze-Modern/backend/.venv/lib/python3.12/site-packages/starlette/middleware/base.py", line 84, in call_next
    raise app_exc
  File "/Users/amitmhatre/Documents/GitHub/ICICI-Breeze-Modern/backend/.venv/lib/python3.12/site-packages/starlette/middleware/base.py", line 70, in coro
    await self.app(scope, receive_or_disconnect, send_no_error)
  File "/Users/amitmhatre/Documents/GitHub/ICICI-Breeze-Modern/backend/.venv/lib/python3.12/site-packages/starlette/middleware/cors.py", line 83, in __call__
    await self.app(scope, receive, send)
  File "/Users/amitmhatre/Documents/GitHub/ICICI-Breeze-Modern/backend/.venv/lib/python3.12/site-packages/starlette/middleware/sessions.py", line 86, in __call__
    await self.app(scope, receive, send_wrapper)
  File "/Users/amitmhatre/Documents/GitHub/ICICI-Breeze-Modern/backend/.venv/lib/python3.12/site-packages/starlette/middleware/exceptions.py", line 79, in __call__
    raise exc
  File "/Users/amitmhatre/Documents/GitHub/ICICI-Breeze-Modern/backend/.venv/lib/python3.12/site-packages/starlette/middleware/exceptions.py", line 68, in __call__
    await self.app(scope, receive, sender)
  File "/Users/amitmhatre/Documents/GitHub/ICICI-Breeze-Modern/backend/.venv/lib/python3.12/site-packages/fastapi/middleware/asyncexitstack.py", line 20, in __call__
    raise e
  File "/Users/amitmhatre/Documents/GitHub/ICICI-Breeze-Modern/backend/.venv/lib/python3.12/site-packages/fastapi/middleware/asyncexitstack.py", line 17, in __call__
    await self.app(scope, receive, send)
  File "/Users/amitmhatre/Documents/GitHub/ICICI-Breeze-Modern/backend/.venv/lib/python3.12/site-packages/starlette/routing.py", line 718, in __call__
    await route.handle(scope, receive, send)
  File "/Users/amitmhatre/Documents/GitHub/ICICI-Breeze-Modern/backend/.venv/lib/python3.12/site-packages/starlette/routing.py", line 276, in handle
    await self.app(scope, receive, send)
  File "/Users/amitmhatre/Documents/GitHub/ICICI-Breeze-Modern/backend/.venv/lib/python3.12/site-packages/starlette/routing.py", line 66, in app
    response = await func(request)
               ^^^^^^^^^^^^^^^^^^^
  File "/Users/amitmhatre/Documents/GitHub/ICICI-Breeze-Modern/backend/.venv/lib/python3.12/site-packages/fastapi/routing.py", line 274, in app
    raw_response = await run_endpoint_function(
                   ^^^^^^^^^^^^^^^^^^^^^^^^^^^^
  File "/Users/amitmhatre/Documents/GitHub/ICICI-Breeze-Modern/backend/.venv/lib/python3.12/site-packages/fastapi/routing.py", line 191, in run_endpoint_function
    return await dependant.call(**values)
           ^^^^^^^^^^^^^^^^^^^^^^^^^^^^^^
  File "/Users/amitmhatre/Documents/GitHub/ICICI-Breeze-Modern/backend/src/icici_breeze_backend/app/api/v1/home.py", line 385, in get_home_api
    margin = breeze.get_margin_situation(user_id)
             ^^^^^^^^^^^^^^^^^^^^^^^^^^^^^^^^^^^^
TypeError: processor.get_margin_situation() missing 1 required positional argument: 'target_margin_ute'
2026-03-20 12:56:35 | INFO     | app.middleware | Incoming request GET /dashboard/vix/options user_id=VIKRAMMH
2026-03-20 12:56:38 | ERROR    | main | Unhandled exception: path=/home/data correlation_id=3bcbf1c6-ed29-418f-92eb-b5c8b5b00647 error=processor.get_margin_situation() missing 1 required positional argument: 'target_margin_ute'
Traceback (most recent call last):
  File "/Users/amitmhatre/Documents/GitHub/ICICI-Breeze-Modern/backend/.venv/lib/python3.12/site-packages/anyio/streams/memory.py", line 98, in receive
    return self.receive_nowait()
           ^^^^^^^^^^^^^^^^^^^^^
  File "/Users/amitmhatre/Documents/GitHub/ICICI-Breeze-Modern/backend/.venv/lib/python3.12/site-packages/anyio/streams/memory.py", line 93, in receive_nowait
    raise WouldBlock
anyio.WouldBlock

During handling of the above exception, another exception occurred:

Traceback (most recent call last):
  File "/Users/amitmhatre/Documents/GitHub/ICICI-Breeze-Modern/backend/.venv/lib/python3.12/site-packages/starlette/middleware/base.py", line 78, in call_next
    message = await recv_stream.receive()
              ^^^^^^^^^^^^^^^^^^^^^^^^^^^
  File "/Users/amitmhatre/Documents/GitHub/ICICI-Breeze-Modern/backend/.venv/lib/python3.12/site-packages/anyio/streams/memory.py", line 118, in receive
    raise EndOfStream
anyio.EndOfStream

During handling of the above exception, another exception occurred:

Traceback (most recent call last):
  File "/Users/amitmhatre/Documents/GitHub/ICICI-Breeze-Modern/backend/.venv/lib/python3.12/site-packages/starlette/middleware/errors.py", line 162, in __call__
    await self.app(scope, receive, _send)
  File "/Users/amitmhatre/Documents/GitHub/ICICI-Breeze-Modern/backend/.venv/lib/python3.12/site-packages/starlette/middleware/base.py", line 108, in __call__
    response = await self.dispatch_func(request, call_next)
               ^^^^^^^^^^^^^^^^^^^^^^^^^^^^^^^^^^^^^^^^^^^^
  File "/Users/amitmhatre/Documents/GitHub/ICICI-Breeze-Modern/backend/src/icici_breeze_backend/app/middleware/request_logger.py", line 20, in dispatch
    response = await call_next(request)
               ^^^^^^^^^^^^^^^^^^^^^^^^
  File "/Users/amitmhatre/Documents/GitHub/ICICI-Breeze-Modern/backend/.venv/lib/python3.12/site-packages/starlette/middleware/base.py", line 84, in call_next
    raise app_exc
  File "/Users/amitmhatre/Documents/GitHub/ICICI-Breeze-Modern/backend/.venv/lib/python3.12/site-packages/starlette/middleware/base.py", line 70, in coro
    await self.app(scope, receive_or_disconnect, send_no_error)
  File "/Users/amitmhatre/Documents/GitHub/ICICI-Breeze-Modern/backend/.venv/lib/python3.12/site-packages/starlette/middleware/base.py", line 108, in __call__
    response = await self.dispatch_func(request, call_next)
               ^^^^^^^^^^^^^^^^^^^^^^^^^^^^^^^^^^^^^^^^^^^^
  File "/Users/amitmhatre/Documents/GitHub/ICICI-Breeze-Modern/backend/src/icici_breeze_backend/app/middleware/correlation.py", line 14, in dispatch
    response = await call_next(request)
               ^^^^^^^^^^^^^^^^^^^^^^^^
  File "/Users/amitmhatre/Documents/GitHub/ICICI-Breeze-Modern/backend/.venv/lib/python3.12/site-packages/starlette/middleware/base.py", line 84, in call_next
    raise app_exc
  File "/Users/amitmhatre/Documents/GitHub/ICICI-Breeze-Modern/backend/.venv/lib/python3.12/site-packages/starlette/middleware/base.py", line 70, in coro
    await self.app(scope, receive_or_disconnect, send_no_error)
  File "/Users/amitmhatre/Documents/GitHub/ICICI-Breeze-Modern/backend/.venv/lib/python3.12/site-packages/starlette/middleware/base.py", line 108, in __call__
    response = await self.dispatch_func(request, call_next)
               ^^^^^^^^^^^^^^^^^^^^^^^^^^^^^^^^^^^^^^^^^^^^
  File "/Users/amitmhatre/Documents/GitHub/ICICI-Breeze-Modern/backend/src/icici_breeze_backend/app/middleware/rate_limit.py", line 39, in dispatch
    return await call_next(request)
           ^^^^^^^^^^^^^^^^^^^^^^^^
  File "/Users/amitmhatre/Documents/GitHub/ICICI-Breeze-Modern/backend/.venv/lib/python3.12/site-packages/starlette/middleware/base.py", line 84, in call_next
    raise app_exc
  File "/Users/amitmhatre/Documents/GitHub/ICICI-Breeze-Modern/backend/.venv/lib/python3.12/site-packages/starlette/middleware/base.py", line 70, in coro
    await self.app(scope, receive_or_disconnect, send_no_error)
  File "/Users/amitmhatre/Documents/GitHub/ICICI-Breeze-Modern/backend/.venv/lib/python3.12/site-packages/starlette/middleware/cors.py", line 83, in __call__
    await self.app(scope, receive, send)
  File "/Users/amitmhatre/Documents/GitHub/ICICI-Breeze-Modern/backend/.venv/lib/python3.12/site-packages/starlette/middleware/sessions.py", line 86, in __call__
    await self.app(scope, receive, send_wrapper)
  File "/Users/amitmhatre/Documents/GitHub/ICICI-Breeze-Modern/backend/.venv/lib/python3.12/site-packages/starlette/middleware/exceptions.py", line 79, in __call__
    raise exc
  File "/Users/amitmhatre/Documents/GitHub/ICICI-Breeze-Modern/backend/.venv/lib/python3.12/site-packages/starlette/middleware/exceptions.py", line 68, in __call__
    await self.app(scope, receive, sender)
  File "/Users/amitmhatre/Documents/GitHub/ICICI-Breeze-Modern/backend/.venv/lib/python3.12/site-packages/fastapi/middleware/asyncexitstack.py", line 20, in __call__
    raise e
  File "/Users/amitmhatre/Documents/GitHub/ICICI-Breeze-Modern/backend/.venv/lib/python3.12/site-packages/fastapi/middleware/asyncexitstack.py", line 17, in __call__
    await self.app(scope, receive, send)
  File "/Users/amitmhatre/Documents/GitHub/ICICI-Breeze-Modern/backend/.venv/lib/python3.12/site-packages/starlette/routing.py", line 718, in __call__
    await route.handle(scope, receive, send)
  File "/Users/amitmhatre/Documents/GitHub/ICICI-Breeze-Modern/backend/.venv/lib/python3.12/site-packages/starlette/routing.py", line 276, in handle
    await self.app(scope, receive, send)
  File "/Users/amitmhatre/Documents/GitHub/ICICI-Breeze-Modern/backend/.venv/lib/python3.12/site-packages/starlette/routing.py", line 66, in app
    response = await func(request)
               ^^^^^^^^^^^^^^^^^^^
  File "/Users/amitmhatre/Documents/GitHub/ICICI-Breeze-Modern/backend/.venv/lib/python3.12/site-packages/fastapi/routing.py", line 274, in app
    raw_response = await run_endpoint_function(
                   ^^^^^^^^^^^^^^^^^^^^^^^^^^^^
  File "/Users/amitmhatre/Documents/GitHub/ICICI-Breeze-Modern/backend/.venv/lib/python3.12/site-packages/fastapi/routing.py", line 191, in run_endpoint_function
    return await dependant.call(**values)
           ^^^^^^^^^^^^^^^^^^^^^^^^^^^^^^
  File "/Users/amitmhatre/Documents/GitHub/ICICI-Breeze-Modern/backend/src/icici_breeze_backend/app/api/v1/home.py", line 385, in get_home_api
    margin = breeze.get_margin_situation(user_id)
             ^^^^^^^^^^^^^^^^^^^^^^^^^^^^^^^^^^^^
TypeError: processor.get_margin_situation() missing 1 required positional argument: 'target_margin_ute'
2026-03-20 12:56:38 | INFO     | app.middleware | Incoming request GET /dashboard/vix/options user_id=VIKRAMMH
2026-03-20 12:56:44 | INFO     | app.middleware | Incoming request GET /dashboard/vix/options user_id=VIKRAMMH
2026-03-20 12:56:44 | ERROR    | main | Unhandled exception: path=/home/data correlation_id=f7516ce1-e165-45bb-8e58-2050d4cd8b0d error=processor.get_margin_situation() missing 1 required positional argument: 'target_margin_ute'
Traceback (most recent call last):
  File "/Users/amitmhatre/Documents/GitHub/ICICI-Breeze-Modern/backend/.venv/lib/python3.12/site-packages/anyio/streams/memory.py", line 98, in receive
    return self.receive_nowait()
           ^^^^^^^^^^^^^^^^^^^^^
  File "/Users/amitmhatre/Documents/GitHub/ICICI-Breeze-Modern/backend/.venv/lib/python3.12/site-packages/anyio/streams/memory.py", line 93, in receive_nowait
    raise WouldBlock
anyio.WouldBlock

During handling of the above exception, another exception occurred:

Traceback (most recent call last):
  File "/Users/amitmhatre/Documents/GitHub/ICICI-Breeze-Modern/backend/.venv/lib/python3.12/site-packages/starlette/middleware/base.py", line 78, in call_next
    message = await recv_stream.receive()
              ^^^^^^^^^^^^^^^^^^^^^^^^^^^
  File "/Users/amitmhatre/Documents/GitHub/ICICI-Breeze-Modern/backend/.venv/lib/python3.12/site-packages/anyio/streams/memory.py", line 118, in receive
    raise EndOfStream
anyio.EndOfStream

During handling of the above exception, another exception occurred:

Traceback (most recent call last):
  File "/Users/amitmhatre/Documents/GitHub/ICICI-Breeze-Modern/backend/.venv/lib/python3.12/site-packages/starlette/middleware/errors.py", line 162, in __call__
    await self.app(scope, receive, _send)
  File "/Users/amitmhatre/Documents/GitHub/ICICI-Breeze-Modern/backend/.venv/lib/python3.12/site-packages/starlette/middleware/base.py", line 108, in __call__
    response = await self.dispatch_func(request, call_next)
               ^^^^^^^^^^^^^^^^^^^^^^^^^^^^^^^^^^^^^^^^^^^^
  File "/Users/amitmhatre/Documents/GitHub/ICICI-Breeze-Modern/backend/src/icici_breeze_backend/app/middleware/request_logger.py", line 20, in dispatch
    response = await call_next(request)
               ^^^^^^^^^^^^^^^^^^^^^^^^
  File "/Users/amitmhatre/Documents/GitHub/ICICI-Breeze-Modern/backend/.venv/lib/python3.12/site-packages/starlette/middleware/base.py", line 84, in call_next
    raise app_exc
  File "/Users/amitmhatre/Documents/GitHub/ICICI-Breeze-Modern/backend/.venv/lib/python3.12/site-packages/starlette/middleware/base.py", line 70, in coro
    await self.app(scope, receive_or_disconnect, send_no_error)
  File "/Users/amitmhatre/Documents/GitHub/ICICI-Breeze-Modern/backend/.venv/lib/python3.12/site-packages/starlette/middleware/base.py", line 108, in __call__
    response = await self.dispatch_func(request, call_next)
               ^^^^^^^^^^^^^^^^^^^^^^^^^^^^^^^^^^^^^^^^^^^^
  File "/Users/amitmhatre/Documents/GitHub/ICICI-Breeze-Modern/backend/src/icici_breeze_backend/app/middleware/correlation.py", line 14, in dispatch
    response = await call_next(request)
               ^^^^^^^^^^^^^^^^^^^^^^^^
  File "/Users/amitmhatre/Documents/GitHub/ICICI-Breeze-Modern/backend/.venv/lib/python3.12/site-packages/starlette/middleware/base.py", line 84, in call_next
    raise app_exc
  File "/Users/amitmhatre/Documents/GitHub/ICICI-Breeze-Modern/backend/.venv/lib/python3.12/site-packages/starlette/middleware/base.py", line 70, in coro
    await self.app(scope, receive_or_disconnect, send_no_error)
  File "/Users/amitmhatre/Documents/GitHub/ICICI-Breeze-Modern/backend/.venv/lib/python3.12/site-packages/starlette/middleware/base.py", line 108, in __call__
    response = await self.dispatch_func(request, call_next)
               ^^^^^^^^^^^^^^^^^^^^^^^^^^^^^^^^^^^^^^^^^^^^
  File "/Users/amitmhatre/Documents/GitHub/ICICI-Breeze-Modern/backend/src/icici_breeze_backend/app/middleware/rate_limit.py", line 39, in dispatch
    return await call_next(request)
           ^^^^^^^^^^^^^^^^^^^^^^^^
  File "/Users/amitmhatre/Documents/GitHub/ICICI-Breeze-Modern/backend/.venv/lib/python3.12/site-packages/starlette/middleware/base.py", line 84, in call_next
    raise app_exc
  File "/Users/amitmhatre/Documents/GitHub/ICICI-Breeze-Modern/backend/.venv/lib/python3.12/site-packages/starlette/middleware/base.py", line 70, in coro
    await self.app(scope, receive_or_disconnect, send_no_error)
  File "/Users/amitmhatre/Documents/GitHub/ICICI-Breeze-Modern/backend/.venv/lib/python3.12/site-packages/starlette/middleware/cors.py", line 83, in __call__
    await self.app(scope, receive, send)
  File "/Users/amitmhatre/Documents/GitHub/ICICI-Breeze-Modern/backend/.venv/lib/python3.12/site-packages/starlette/middleware/sessions.py", line 86, in __call__
    await self.app(scope, receive, send_wrapper)
  File "/Users/amitmhatre/Documents/GitHub/ICICI-Breeze-Modern/backend/.venv/lib/python3.12/site-packages/starlette/middleware/exceptions.py", line 79, in __call__
    raise exc
  File "/Users/amitmhatre/Documents/GitHub/ICICI-Breeze-Modern/backend/.venv/lib/python3.12/site-packages/starlette/middleware/exceptions.py", line 68, in __call__
    await self.app(scope, receive, sender)
  File "/Users/amitmhatre/Documents/GitHub/ICICI-Breeze-Modern/backend/.venv/lib/python3.12/site-packages/fastapi/middleware/asyncexitstack.py", line 20, in __call__
    raise e
  File "/Users/amitmhatre/Documents/GitHub/ICICI-Breeze-Modern/backend/.venv/lib/python3.12/site-packages/fastapi/middleware/asyncexitstack.py", line 17, in __call__
    await self.app(scope, receive, send)
  File "/Users/amitmhatre/Documents/GitHub/ICICI-Breeze-Modern/backend/.venv/lib/python3.12/site-packages/starlette/routing.py", line 718, in __call__
    await route.handle(scope, receive, send)
  File "/Users/amitmhatre/Documents/GitHub/ICICI-Breeze-Modern/backend/.venv/lib/python3.12/site-packages/starlette/routing.py", line 276, in handle
    await self.app(scope, receive, send)
  File "/Users/amitmhatre/Documents/GitHub/ICICI-Breeze-Modern/backend/.venv/lib/python3.12/site-packages/starlette/routing.py", line 66, in app
    response = await func(request)
               ^^^^^^^^^^^^^^^^^^^
  File "/Users/amitmhatre/Documents/GitHub/ICICI-Breeze-Modern/backend/.venv/lib/python3.12/site-packages/fastapi/routing.py", line 274, in app
    raw_response = await run_endpoint_function(
                   ^^^^^^^^^^^^^^^^^^^^^^^^^^^^
  File "/Users/amitmhatre/Documents/GitHub/ICICI-Breeze-Modern/backend/.venv/lib/python3.12/site-packages/fastapi/routing.py", line 191, in run_endpoint_function
    return await dependant.call(**values)
           ^^^^^^^^^^^^^^^^^^^^^^^^^^^^^^
  File "/Users/amitmhatre/Documents/GitHub/ICICI-Breeze-Modern/backend/src/icici_breeze_backend/app/api/v1/home.py", line 385, in get_home_api
    margin = breeze.get_margin_situation(user_id)
             ^^^^^^^^^^^^^^^^^^^^^^^^^^^^^^^^^^^^
TypeError: processor.get_margin_situation() missing 1 required positional argument: 'target_margin_ute'
2026-03-20 12:57:16 | INFO     | main | JWT_SECRET loaded (length=43). Login and credential decryption will use it.
2026-03-20 12:57:16 | INFO     | icici_breeze_backend.app.services.processor | Downloading ICICI master from https://directlink.icicidirect.com/NewSecurityMaster/SecurityMaster.zip
2026-03-20 12:57:17 | INFO     | icici_breeze_backend.app.services.processor | ICICI master download completed
2026-03-20 12:57:17 | INFO     | icici_breeze_backend.app.services.processor | Extracted 5 items to /Users/amitmhatre/Documents/GitHub/ICICI-Breeze-Modern/backend/data/
2026-03-20 12:57:17 | INFO     | icici_breeze_backend.app.services.processor | Loaded quantity limits rows into raw_limits_data (222 rows)
2026-03-20 12:57:17 | INFO     | icici_breeze_backend.app.services.processor | Loading scrip master from /Users/amitmhatre/Documents/GitHub/ICICI-Breeze-Modern/backend/data/FONSEScripMaster.txt
2026-03-20 12:57:18 | INFO     | icici_breeze_backend.app.services.processor | Loaded raw_scrip_data from CSV (104783 rows)
2026-03-20 12:57:18 | INFO     | icici_breeze_backend.app.services.processor | Inserted filtered data into scrip_master
2026-03-20 12:57:18 | INFO     | icici_breeze_backend.app.services.processor | Scrip master load completed successfully
2026-03-20 12:57:18 | INFO     | icici_breeze_backend.app.services.processor | Loading scrip master from /Users/amitmhatre/Documents/GitHub/ICICI-Breeze-Modern/backend/data/FOBSEScripMaster.txt
2026-03-20 12:57:18 | INFO     | icici_breeze_backend.app.services.processor | Loaded raw_scrip_data from CSV (6304 rows)
2026-03-20 12:57:18 | INFO     | icici_breeze_backend.app.services.processor | Inserted filtered data into scrip_master
2026-03-20 12:57:18 | INFO     | icici_breeze_backend.app.services.processor | Scrip master load completed successfully
2026-03-20 12:58:52 | INFO     | main | JWT_SECRET loaded (length=43). Login and credential decryption will use it.
2026-03-20 12:58:52 | INFO     | icici_breeze_backend.app.services.processor | Downloading ICICI master from https://directlink.icicidirect.com/NewSecurityMaster/SecurityMaster.zip
2026-03-20 12:58:52 | INFO     | icici_breeze_backend.app.services.processor | ICICI master download completed
2026-03-20 12:58:52 | INFO     | icici_breeze_backend.app.services.processor | Extracted 5 items to /Users/amitmhatre/Documents/GitHub/ICICI-Breeze-Modern/backend/data/
2026-03-20 12:58:52 | INFO     | icici_breeze_backend.app.services.processor | Loaded quantity limits rows into raw_limits_data (222 rows)
2026-03-20 12:58:52 | INFO     | icici_breeze_backend.app.services.processor | Loading scrip master from /Users/amitmhatre/Documents/GitHub/ICICI-Breeze-Modern/backend/data/FONSEScripMaster.txt
2026-03-20 12:58:53 | INFO     | icici_breeze_backend.app.services.processor | Loaded raw_scrip_data from CSV (104783 rows)
2026-03-20 12:58:53 | INFO     | icici_breeze_backend.app.services.processor | Inserted filtered data into scrip_master
2026-03-20 12:58:53 | INFO     | icici_breeze_backend.app.services.processor | Scrip master load completed successfully
2026-03-20 12:58:53 | INFO     | icici_breeze_backend.app.services.processor | Loading scrip master from /Users/amitmhatre/Documents/GitHub/ICICI-Breeze-Modern/backend/data/FOBSEScripMaster.txt
2026-03-20 12:58:54 | INFO     | icici_breeze_backend.app.services.processor | Loaded raw_scrip_data from CSV (6304 rows)
2026-03-20 12:58:54 | INFO     | icici_breeze_backend.app.services.processor | Inserted filtered data into scrip_master
2026-03-20 12:58:54 | INFO     | icici_breeze_backend.app.services.processor | Scrip master load completed successfully
2026-03-20 12:58:55 | INFO     | icici_breeze_backend.app.services.processor | get_session_breeze: session created for user_id=VIKRAMMH
2026-03-20 12:58:57 | INFO     | app.middleware | Incoming request GET /dashboard/vix/options user_id=VIKRAMMH
2026-03-20 12:58:57 | INFO     | app.middleware | Incoming request GET /home/data user_id=VIKRAMMH
2026-03-20 12:59:42 | INFO     | app.middleware | Incoming request GET /home/data user_id=VIKRAMMH
2026-03-20 12:59:43 | INFO     | app.middleware | Incoming request GET /dashboard/vix/options user_id=VIKRAMMH
2026-03-20 12:59:47 | INFO     | app.middleware | Incoming request GET /home/data user_id=VIKRAMMH
2026-03-20 12:59:47 | INFO     | app.middleware | Incoming request GET /dashboard/vix/options user_id=VIKRAMMH
2026-03-20 13:01:10 | INFO     | app.middleware | Incoming request GET /home/data user_id=VIKRAMMH
2026-03-20 13:01:10 | INFO     | app.middleware | Incoming request GET /dashboard/vix user_id=VIKRAMMH
2026-03-20 13:04:31 | INFO     | main | JWT_SECRET loaded (length=43). Login and credential decryption will use it.
2026-03-20 13:04:31 | INFO     | icici_breeze_backend.app.services.processor | Downloading ICICI master from https://directlink.icicidirect.com/NewSecurityMaster/SecurityMaster.zip
2026-03-20 13:04:32 | INFO     | icici_breeze_backend.app.services.processor | ICICI master download completed
2026-03-20 13:04:32 | INFO     | icici_breeze_backend.app.services.processor | Extracted 5 items to /Users/amitmhatre/Documents/GitHub/ICICI-Breeze-Modern/backend/data/
2026-03-20 13:04:32 | INFO     | icici_breeze_backend.app.services.processor | Loaded quantity limits rows into raw_limits_data (222 rows)
2026-03-20 13:04:32 | INFO     | icici_breeze_backend.app.services.processor | Loading scrip master from /Users/amitmhatre/Documents/GitHub/ICICI-Breeze-Modern/backend/data/FONSEScripMaster.txt
2026-03-20 13:04:33 | INFO     | main | JWT_SECRET loaded (length=43). Login and credential decryption will use it.
2026-03-20 13:04:33 | INFO     | icici_breeze_backend.app.services.processor | Downloading ICICI master from https://directlink.icicidirect.com/NewSecurityMaster/SecurityMaster.zip
2026-03-20 13:04:34 | INFO     | icici_breeze_backend.app.services.processor | ICICI master download completed
2026-03-20 13:04:34 | INFO     | icici_breeze_backend.app.services.processor | Extracted 5 items to /Users/amitmhatre/Documents/GitHub/ICICI-Breeze-Modern/backend/data/
2026-03-20 13:04:34 | INFO     | icici_breeze_backend.app.services.processor | Loaded quantity limits rows into raw_limits_data (222 rows)
2026-03-20 13:04:34 | INFO     | icici_breeze_backend.app.services.processor | Loading scrip master from /Users/amitmhatre/Documents/GitHub/ICICI-Breeze-Modern/backend/data/FONSEScripMaster.txt
2026-03-20 13:04:35 | INFO     | icici_breeze_backend.app.services.processor | Loaded raw_scrip_data from CSV (104783 rows)
2026-03-20 13:04:35 | INFO     | icici_breeze_backend.app.services.processor | Inserted filtered data into scrip_master
2026-03-20 13:04:35 | INFO     | icici_breeze_backend.app.services.processor | Scrip master load completed successfully
2026-03-20 13:04:35 | INFO     | icici_breeze_backend.app.services.processor | Loading scrip master from /Users/amitmhatre/Documents/GitHub/ICICI-Breeze-Modern/backend/data/FOBSEScripMaster.txt
2026-03-20 13:04:35 | INFO     | icici_breeze_backend.app.services.processor | Loaded raw_scrip_data from CSV (6304 rows)
2026-03-20 13:04:35 | INFO     | icici_breeze_backend.app.services.processor | Inserted filtered data into scrip_master
2026-03-20 13:04:35 | INFO     | icici_breeze_backend.app.services.processor | Scrip master load completed successfully
2026-03-20 13:04:54 | INFO     | icici_breeze_backend.app.services.processor | get_session_breeze: session created for user_id=VIKRAMMH
2026-03-20 13:04:56 | INFO     | app.middleware | Incoming request GET /home/data user_id=VIKRAMMH
2026-03-20 13:04:56 | INFO     | app.middleware | Incoming request GET /dashboard/vix user_id=VIKRAMMH
2026-03-20 13:04:56 | INFO     | app.middleware | Incoming request GET /home/data user_id=VIKRAMMH
2026-03-20 13:04:56 | INFO     | app.middleware | Incoming request GET /dashboard/vix user_id=VIKRAMMH
2026-03-20 13:04:56 | INFO     | app.middleware | Incoming request GET /dashboard/vix/options user_id=VIKRAMMH
2026-03-20 13:05:01 | INFO     | main | JWT_SECRET loaded (length=43). Login and credential decryption will use it.
2026-03-20 13:05:01 | INFO     | icici_breeze_backend.app.services.processor | Downloading ICICI master from https://directlink.icicidirect.com/NewSecurityMaster/SecurityMaster.zip
2026-03-20 13:05:01 | INFO     | icici_breeze_backend.app.services.processor | ICICI master download completed
2026-03-20 13:05:01 | INFO     | icici_breeze_backend.app.services.processor | Extracted 5 items to /Users/amitmhatre/Documents/GitHub/ICICI-Breeze-Modern/backend/data/
2026-03-20 13:05:01 | INFO     | icici_breeze_backend.app.services.processor | Loaded quantity limits rows into raw_limits_data (222 rows)
2026-03-20 13:05:01 | INFO     | icici_breeze_backend.app.services.processor | Loading scrip master from /Users/amitmhatre/Documents/GitHub/ICICI-Breeze-Modern/backend/data/FONSEScripMaster.txt
2026-03-20 13:05:02 | INFO     | icici_breeze_backend.app.services.processor | Loaded raw_scrip_data from CSV (104783 rows)
2026-03-20 13:05:02 | INFO     | icici_breeze_backend.app.services.processor | Inserted filtered data into scrip_master
2026-03-20 13:05:02 | INFO     | icici_breeze_backend.app.services.processor | Scrip master load completed successfully
2026-03-20 13:05:03 | INFO     | icici_breeze_backend.app.services.processor | Loading scrip master from /Users/amitmhatre/Documents/GitHub/ICICI-Breeze-Modern/backend/data/FOBSEScripMaster.txt
2026-03-20 13:05:03 | INFO     | icici_breeze_backend.app.services.processor | Loaded raw_scrip_data from CSV (6304 rows)
2026-03-20 13:05:03 | INFO     | icici_breeze_backend.app.services.processor | Inserted filtered data into scrip_master
2026-03-20 13:05:03 | INFO     | icici_breeze_backend.app.services.processor | Scrip master load completed successfully
2026-03-20 13:05:37 | INFO     | main | JWT_SECRET loaded (length=43). Login and credential decryption will use it.
2026-03-20 13:05:37 | INFO     | icici_breeze_backend.app.services.processor | Downloading ICICI master from https://directlink.icicidirect.com/NewSecurityMaster/SecurityMaster.zip
2026-03-20 13:05:38 | INFO     | icici_breeze_backend.app.services.processor | ICICI master download completed
2026-03-20 13:05:38 | INFO     | icici_breeze_backend.app.services.processor | Extracted 5 items to /Users/amitmhatre/Documents/GitHub/ICICI-Breeze-Modern/backend/data/
2026-03-20 13:05:38 | INFO     | icici_breeze_backend.app.services.processor | Loaded quantity limits rows into raw_limits_data (222 rows)
2026-03-20 13:05:38 | INFO     | icici_breeze_backend.app.services.processor | Loading scrip master from /Users/amitmhatre/Documents/GitHub/ICICI-Breeze-Modern/backend/data/FONSEScripMaster.txt
2026-03-20 13:05:39 | INFO     | icici_breeze_backend.app.services.processor | Loaded raw_scrip_data from CSV (104783 rows)
2026-03-20 13:05:39 | INFO     | icici_breeze_backend.app.services.processor | Inserted filtered data into scrip_master
2026-03-20 13:05:39 | INFO     | icici_breeze_backend.app.services.processor | Scrip master load completed successfully
2026-03-20 13:05:39 | INFO     | icici_breeze_backend.app.services.processor | Loading scrip master from /Users/amitmhatre/Documents/GitHub/ICICI-Breeze-Modern/backend/data/FOBSEScripMaster.txt
2026-03-20 13:05:39 | INFO     | icici_breeze_backend.app.services.processor | Loaded raw_scrip_data from CSV (6304 rows)
2026-03-20 13:05:39 | INFO     | icici_breeze_backend.app.services.processor | Inserted filtered data into scrip_master
2026-03-20 13:05:39 | INFO     | icici_breeze_backend.app.services.processor | Scrip master load completed successfully
2026-03-20 13:05:42 | INFO     | icici_breeze_backend.app.services.processor | get_session_breeze: session created for user_id=VIKRAMMH
2026-03-20 13:05:43 | INFO     | app.middleware | Incoming request GET /home/data user_id=VIKRAMMH
2026-03-20 13:05:43 | INFO     | app.middleware | Incoming request GET /dashboard/vix user_id=VIKRAMMH
2026-03-20 13:05:45 | INFO     | app.middleware | Incoming request GET /dashboard/vix/options user_id=VIKRAMMH
2026-03-20 13:08:31 | INFO     | app.middleware | Incoming request GET /home/data user_id=VIKRAMMH
2026-03-20 13:08:31 | INFO     | app.middleware | Incoming request GET /dashboard/vix user_id=VIKRAMMH
2026-03-20 13:08:32 | INFO     | app.middleware | Incoming request GET /dashboard/vix/options user_id=VIKRAMMH
2026-03-20 13:08:34 | INFO     | app.middleware | Incoming request GET /home/data user_id=VIKRAMMH
2026-03-20 13:08:34 | INFO     | app.middleware | Incoming request GET /dashboard/vix user_id=VIKRAMMH
2026-03-20 13:08:35 | INFO     | app.middleware | Incoming request GET /dashboard/vix/options user_id=VIKRAMMH
2026-03-20 13:08:38 | INFO     | app.middleware | Incoming request GET /home/data user_id=VIKRAMMH
2026-03-20 13:08:38 | INFO     | app.middleware | Incoming request GET /dashboard/vix user_id=VIKRAMMH
2026-03-20 13:08:39 | INFO     | app.middleware | Incoming request GET /dashboard/vix/options user_id=VIKRAMMH
2026-03-20 13:08:40 | INFO     | app.middleware | Incoming request GET /home/data user_id=VIKRAMMH
2026-03-20 13:08:40 | INFO     | app.middleware | Incoming request GET /dashboard/vix user_id=VIKRAMMH
2026-03-20 13:08:41 | INFO     | app.middleware | Incoming request GET /dashboard/vix/options user_id=VIKRAMMH
2026-03-20 13:08:52 | INFO     | app.middleware | Incoming request GET /home/data user_id=VIKRAMMH
2026-03-20 13:08:52 | INFO     | app.middleware | Incoming request GET /dashboard/vix user_id=VIKRAMMH
2026-03-20 13:08:52 | INFO     | app.middleware | Incoming request GET /dashboard/vix/options user_id=VIKRAMMH
2026-03-20 13:08:57 | INFO     | app.middleware | Incoming request GET /home/data user_id=VIKRAMMH
2026-03-20 13:08:57 | INFO     | app.middleware | Incoming request GET /dashboard/vix user_id=VIKRAMMH
2026-03-20 13:08:59 | INFO     | app.middleware | Incoming request GET /dashboard/vix/options user_id=VIKRAMMH
2026-03-20 13:12:18 | INFO     | app.middleware | Incoming request GET /home/data user_id=VIKRAMMH
2026-03-20 13:12:18 | INFO     | app.middleware | Incoming request GET /dashboard/vix user_id=VIKRAMMH
2026-03-20 13:12:19 | INFO     | app.middleware | Incoming request GET /dashboard/vix/options user_id=VIKRAMMH
2026-03-20 13:16:29 | INFO     | app.middleware | Incoming request GET /home/data user_id=VIKRAMMH
2026-03-20 13:16:29 | INFO     | app.middleware | Incoming request GET /home/data user_id=VIKRAMMH
2026-03-20 13:16:29 | INFO     | app.middleware | Incoming request GET /dashboard/vix user_id=VIKRAMMH
2026-03-20 13:16:30 | INFO     | app.middleware | Incoming request GET /dashboard/vix/options user_id=VIKRAMMH
2026-03-20 13:16:46 | INFO     | app.middleware | Incoming request GET /dashboard/vix user_id=VIKRAMMH
2026-03-20 13:16:46 | INFO     | app.middleware | Incoming request GET /dashboard/vix/options user_id=VIKRAMMH
2026-03-20 13:17:41 | INFO     | app.middleware | Incoming request GET /home/data user_id=VIKRAMMH
2026-03-20 13:17:41 | INFO     | app.middleware | Incoming request GET /dashboard/vix user_id=VIKRAMMH
2026-03-20 13:17:41 | INFO     | app.middleware | Incoming request GET /dashboard/vix/options user_id=VIKRAMMH
2026-03-20 13:17:48 | INFO     | app.middleware | Incoming request GET /home/data user_id=VIKRAMMH
2026-03-20 13:17:48 | INFO     | app.middleware | Incoming request GET /dashboard/vix user_id=VIKRAMMH
2026-03-20 13:17:48 | INFO     | app.middleware | Incoming request GET /dashboard/vix/options user_id=VIKRAMMH
2026-03-20 13:17:55 | INFO     | app.middleware | Incoming request GET /home/data user_id=VIKRAMMH
2026-03-20 13:17:55 | INFO     | app.middleware | Incoming request GET /dashboard/vix user_id=VIKRAMMH
2026-03-20 13:17:55 | INFO     | app.middleware | Incoming request GET /dashboard/vix/options user_id=VIKRAMMH
2026-03-20 13:18:03 | INFO     | app.middleware | Incoming request GET /home/data user_id=VIKRAMMH
2026-03-20 13:18:03 | INFO     | app.middleware | Incoming request GET /dashboard/vix user_id=VIKRAMMH
2026-03-20 13:18:05 | INFO     | app.middleware | Incoming request GET /dashboard/vix/options user_id=VIKRAMMH
2026-03-20 13:18:05 | INFO     | app.middleware | Incoming request GET /home/data user_id=VIKRAMMH
2026-03-20 13:18:05 | INFO     | app.middleware | Incoming request GET /dashboard/vix user_id=VIKRAMMH
2026-03-20 13:18:05 | INFO     | app.middleware | Incoming request GET /dashboard/vix/options user_id=VIKRAMMH
2026-03-20 13:18:31 | INFO     | main | JWT_SECRET loaded (length=43). Login and credential decryption will use it.
2026-03-20 13:18:31 | INFO     | icici_breeze_backend.app.services.processor | Downloading ICICI master from https://directlink.icicidirect.com/NewSecurityMaster/SecurityMaster.zip
2026-03-20 13:18:32 | INFO     | icici_breeze_backend.app.services.processor | ICICI master download completed
2026-03-20 13:18:32 | INFO     | icici_breeze_backend.app.services.processor | Extracted 5 items to /Users/amitmhatre/Documents/GitHub/ICICI-Breeze-Modern/backend/data/
2026-03-20 13:18:32 | INFO     | icici_breeze_backend.app.services.processor | Loaded quantity limits rows into raw_limits_data (222 rows)
2026-03-20 13:18:32 | INFO     | icici_breeze_backend.app.services.processor | Loading scrip master from /Users/amitmhatre/Documents/GitHub/ICICI-Breeze-Modern/backend/data/FONSEScripMaster.txt
2026-03-20 13:18:33 | INFO     | icici_breeze_backend.app.services.processor | Loaded raw_scrip_data from CSV (104783 rows)
2026-03-20 13:18:33 | INFO     | icici_breeze_backend.app.services.processor | Inserted filtered data into scrip_master
2026-03-20 13:18:33 | INFO     | icici_breeze_backend.app.services.processor | Scrip master load completed successfully
2026-03-20 13:18:33 | INFO     | icici_breeze_backend.app.services.processor | Loading scrip master from /Users/amitmhatre/Documents/GitHub/ICICI-Breeze-Modern/backend/data/FOBSEScripMaster.txt
2026-03-20 13:18:33 | INFO     | icici_breeze_backend.app.services.processor | Loaded raw_scrip_data from CSV (6304 rows)
2026-03-20 13:18:33 | INFO     | icici_breeze_backend.app.services.processor | Inserted filtered data into scrip_master
2026-03-20 13:18:33 | INFO     | icici_breeze_backend.app.services.processor | Scrip master load completed successfully
2026-03-20 13:18:36 | INFO     | icici_breeze_backend.app.services.processor | get_session_breeze: session created for user_id=VIKRAMMH
2026-03-20 13:18:37 | INFO     | app.middleware | Incoming request GET /home/data user_id=VIKRAMMH
2026-03-20 13:18:37 | INFO     | app.middleware | Incoming request GET /dashboard/vix user_id=VIKRAMMH
2026-03-20 13:18:44 | INFO     | app.middleware | Incoming request GET /home/data user_id=VIKRAMMH
2026-03-20 13:18:44 | INFO     | app.middleware | Incoming request GET /dashboard/vix user_id=VIKRAMMH
2026-03-20 13:18:44 | INFO     | app.middleware | Incoming request GET /dashboard/vix/options user_id=VIKRAMMH
2026-03-20 13:18:52 | INFO     | app.middleware | Incoming request GET /home/data user_id=VIKRAMMH
2026-03-20 13:18:52 | INFO     | app.middleware | Incoming request GET /dashboard/vix user_id=VIKRAMMH
2026-03-20 13:18:52 | INFO     | app.middleware | Incoming request GET /dashboard/vix/options user_id=VIKRAMMH
2026-03-20 13:24:50 | INFO     | app.middleware | Incoming request GET /home/data user_id=VIKRAMMH
2026-03-20 13:25:14 | INFO     | icici_breeze_backend.core.icici_client | Fetching portfolio for user VIKRAMMH
2026-03-20 13:25:14 | WARNING  | icici_breeze_backend.core.icici_client | Call attempt 1 failed: 'NoneType' object has no attribute 'get'
2026-03-20 13:25:15 | WARNING  | icici_breeze_backend.core.icici_client | Call attempt 2 failed: 'NoneType' object has no attribute 'get'
2026-03-20 13:25:17 | WARNING  | icici_breeze_backend.core.icici_client | Call attempt 3 failed: 'NoneType' object has no attribute 'get'
2026-03-20 13:25:18 | INFO     | app.middleware | Incoming request GET /portfolio/data user_id=VIKRAMMH
2026-03-20 13:25:18 | INFO     | app.middleware | Incoming request GET /dashboard/vix user_id=VIKRAMMH
2026-03-20 13:25:18 | INFO     | app.middleware | Incoming request GET /dashboard/vix/options user_id=VIKRAMMH
2026-03-20 13:28:29 | INFO     | icici_breeze_backend.core.icici_client | Fetching portfolio for user VIKRAMMH
2026-03-20 13:28:29 | WARNING  | icici_breeze_backend.core.icici_client | Call attempt 1 failed: 'NoneType' object has no attribute 'get'
2026-03-20 13:28:30 | WARNING  | icici_breeze_backend.core.icici_client | Call attempt 2 failed: 'NoneType' object has no attribute 'get'
2026-03-20 13:28:32 | WARNING  | icici_breeze_backend.core.icici_client | Call attempt 3 failed: 'NoneType' object has no attribute 'get'
2026-03-20 13:28:34 | INFO     | app.middleware | Incoming request GET /home/data user_id=VIKRAMMH
2026-03-20 13:28:34 | INFO     | app.middleware | Incoming request GET /portfolio/data user_id=VIKRAMMH
2026-03-20 13:28:34 | INFO     | app.middleware | Incoming request GET /dashboard/vix user_id=VIKRAMMH
2026-03-20 13:28:34 | INFO     | app.middleware | Incoming request GET /dashboard/vix/options user_id=VIKRAMMH
2026-03-20 13:28:44 | INFO     | main | JWT_SECRET loaded (length=43). Login and credential decryption will use it.
2026-03-20 13:28:44 | INFO     | icici_breeze_backend.app.services.processor | Downloading ICICI master from https://directlink.icicidirect.com/NewSecurityMaster/SecurityMaster.zip
2026-03-20 13:28:45 | INFO     | icici_breeze_backend.app.services.processor | ICICI master download completed
2026-03-20 13:28:45 | INFO     | icici_breeze_backend.app.services.processor | Extracted 5 items to /Users/amitmhatre/Documents/GitHub/ICICI-Breeze-Modern/backend/data/
2026-03-20 13:28:45 | INFO     | icici_breeze_backend.app.services.processor | Loaded quantity limits rows into raw_limits_data (222 rows)
2026-03-20 13:28:45 | INFO     | icici_breeze_backend.app.services.processor | Loading scrip master from /Users/amitmhatre/Documents/GitHub/ICICI-Breeze-Modern/backend/data/FONSEScripMaster.txt
2026-03-20 13:28:46 | INFO     | icici_breeze_backend.app.services.processor | Loaded raw_scrip_data from CSV (104783 rows)
2026-03-20 13:28:46 | INFO     | icici_breeze_backend.app.services.processor | Inserted filtered data into scrip_master
2026-03-20 13:28:46 | INFO     | icici_breeze_backend.app.services.processor | Scrip master load completed successfully
2026-03-20 13:28:46 | INFO     | icici_breeze_backend.app.services.processor | Loading scrip master from /Users/amitmhatre/Documents/GitHub/ICICI-Breeze-Modern/backend/data/FOBSEScripMaster.txt
2026-03-20 13:28:46 | INFO     | icici_breeze_backend.app.services.processor | Loaded raw_scrip_data from CSV (6304 rows)
2026-03-20 13:28:46 | INFO     | icici_breeze_backend.app.services.processor | Inserted filtered data into scrip_master
2026-03-20 13:28:46 | INFO     | icici_breeze_backend.app.services.processor | Scrip master load completed successfully
2026-03-20 13:28:48 | INFO     | icici_breeze_backend.app.services.processor | get_session_breeze: session created for user_id=VIKRAMMH
2026-03-20 13:28:48 | INFO     | icici_breeze_backend.core.icici_client | Fetching portfolio for user VIKRAMMH
2026-03-20 13:28:48 | WARNING  | icici_breeze_backend.core.icici_client | Call attempt 1 failed: 'NoneType' object has no attribute 'get'
2026-03-20 13:28:49 | WARNING  | icici_breeze_backend.core.icici_client | Call attempt 2 failed: 'NoneType' object has no attribute 'get'
2026-03-20 13:28:51 | WARNING  | icici_breeze_backend.core.icici_client | Call attempt 3 failed: 'NoneType' object has no attribute 'get'
2026-03-20 13:28:52 | INFO     | app.middleware | Incoming request GET /home/data user_id=VIKRAMMH
2026-03-20 13:28:52 | INFO     | app.middleware | Incoming request GET /portfolio/data user_id=VIKRAMMH
2026-03-20 13:28:52 | INFO     | app.middleware | Incoming request GET /dashboard/vix user_id=VIKRAMMH
2026-03-20 13:31:25 | INFO     | app.middleware | Incoming request GET /home/data user_id=VIKRAMMH
2026-03-20 13:31:45 | INFO     | icici_breeze_backend.core.icici_client | Fetching portfolio for user VIKRAMMH
2026-03-20 13:31:45 | WARNING  | icici_breeze_backend.core.icici_client | Call attempt 1 failed: 'NoneType' object has no attribute 'get'
2026-03-20 13:31:46 | WARNING  | icici_breeze_backend.core.icici_client | Call attempt 2 failed: 'NoneType' object has no attribute 'get'
2026-03-20 13:31:48 | WARNING  | icici_breeze_backend.core.icici_client | Call attempt 3 failed: 'NoneType' object has no attribute 'get'
2026-03-20 13:31:49 | INFO     | app.middleware | Incoming request GET /portfolio/data user_id=VIKRAMMH
2026-03-20 13:31:49 | INFO     | app.middleware | Incoming request GET /dashboard/vix user_id=VIKRAMMH
2026-03-20 13:31:49 | INFO     | app.middleware | Incoming request GET /dashboard/vix/options user_id=VIKRAMMH
2026-03-20 13:31:52 | INFO     | app.middleware | Incoming request GET /dashboard/vix user_id=VIKRAMMH
2026-03-20 13:31:52 | INFO     | app.middleware | Incoming request GET /dashboard/vix/options user_id=VIKRAMMH
2026-03-20 13:32:02 | INFO     | app.middleware | Incoming request GET /home/data user_id=VIKRAMMH
2026-03-20 13:32:02 | INFO     | app.middleware | Incoming request GET /dashboard/vix user_id=VIKRAMMH
2026-03-20 13:32:02 | INFO     | app.middleware | Incoming request GET /dashboard/vix/options user_id=VIKRAMMH
2026-03-20 13:32:46 | INFO     | main | JWT_SECRET loaded (length=43). Login and credential decryption will use it.
2026-03-20 13:32:46 | INFO     | icici_breeze_backend.app.services.processor | Downloading ICICI master from https://directlink.icicidirect.com/NewSecurityMaster/SecurityMaster.zip
2026-03-20 13:32:47 | INFO     | icici_breeze_backend.app.services.processor | ICICI master download completed
2026-03-20 13:32:47 | INFO     | icici_breeze_backend.app.services.processor | Extracted 5 items to /Users/amitmhatre/Documents/GitHub/ICICI-Breeze-Modern/backend/data/
2026-03-20 13:32:47 | INFO     | icici_breeze_backend.app.services.processor | Loaded quantity limits rows into raw_limits_data (222 rows)
2026-03-20 13:32:47 | INFO     | icici_breeze_backend.app.services.processor | Loading scrip master from /Users/amitmhatre/Documents/GitHub/ICICI-Breeze-Modern/backend/data/FONSEScripMaster.txt
2026-03-20 13:32:48 | INFO     | icici_breeze_backend.app.services.processor | Loaded raw_scrip_data from CSV (104783 rows)
2026-03-20 13:32:48 | INFO     | icici_breeze_backend.app.services.processor | Inserted filtered data into scrip_master
2026-03-20 13:32:48 | INFO     | icici_breeze_backend.app.services.processor | Scrip master load completed successfully
2026-03-20 13:32:48 | INFO     | icici_breeze_backend.app.services.processor | Loading scrip master from /Users/amitmhatre/Documents/GitHub/ICICI-Breeze-Modern/backend/data/FOBSEScripMaster.txt
2026-03-20 13:32:48 | INFO     | icici_breeze_backend.app.services.processor | Loaded raw_scrip_data from CSV (6304 rows)
2026-03-20 13:32:48 | INFO     | icici_breeze_backend.app.services.processor | Inserted filtered data into scrip_master
2026-03-20 13:32:48 | INFO     | icici_breeze_backend.app.services.processor | Scrip master load completed successfully
2026-03-20 13:32:51 | INFO     | icici_breeze_backend.app.services.processor | get_session_breeze: session created for user_id=VIKRAMMH
2026-03-20 13:32:51 | INFO     | icici_breeze_backend.core.icici_client | Fetching portfolio for user VIKRAMMH
2026-03-20 13:32:51 | WARNING  | icici_breeze_backend.core.icici_client | Call attempt 1 failed: 'NoneType' object has no attribute 'get'
2026-03-20 13:32:52 | WARNING  | icici_breeze_backend.core.icici_client | Call attempt 2 failed: 'NoneType' object has no attribute 'get'
2026-03-20 13:32:54 | WARNING  | icici_breeze_backend.core.icici_client | Call attempt 3 failed: 'NoneType' object has no attribute 'get'
2026-03-20 13:32:54 | INFO     | app.middleware | Incoming request GET /home/data user_id=VIKRAMMH
2026-03-20 13:32:54 | INFO     | app.middleware | Incoming request GET /portfolio/data user_id=VIKRAMMH
2026-03-20 13:32:54 | INFO     | app.middleware | Incoming request GET /dashboard/vix user_id=VIKRAMMH
2026-03-20 13:36:40 | INFO     | icici_breeze_backend.core.icici_client | Fetching portfolio for user VIKRAMMH
2026-03-20 13:36:40 | WARNING  | icici_breeze_backend.core.icici_client | Call attempt 1 failed: 'NoneType' object has no attribute 'get'
2026-03-20 13:36:41 | WARNING  | icici_breeze_backend.core.icici_client | Call attempt 2 failed: 'NoneType' object has no attribute 'get'
2026-03-20 13:36:43 | WARNING  | icici_breeze_backend.core.icici_client | Call attempt 3 failed: 'NoneType' object has no attribute 'get'
2026-03-20 13:36:45 | INFO     | app.middleware | Incoming request GET /home/data user_id=VIKRAMMH
2026-03-20 13:36:45 | INFO     | app.middleware | Incoming request GET /portfolio/data user_id=VIKRAMMH
2026-03-20 13:36:45 | INFO     | app.middleware | Incoming request GET /dashboard/vix user_id=VIKRAMMH
2026-03-20 13:36:45 | INFO     | app.middleware | Incoming request GET /dashboard/vix/options user_id=VIKRAMMH
2026-03-20 13:38:10 | INFO     | icici_breeze_backend.core.icici_client | Fetching portfolio for user VIKRAMMH
2026-03-20 13:38:10 | WARNING  | icici_breeze_backend.core.icici_client | Call attempt 1 failed: 'NoneType' object has no attribute 'get'
2026-03-20 13:38:11 | WARNING  | icici_breeze_backend.core.icici_client | Call attempt 2 failed: 'NoneType' object has no attribute 'get'
2026-03-20 13:38:13 | WARNING  | icici_breeze_backend.core.icici_client | Call attempt 3 failed: 'NoneType' object has no attribute 'get'
2026-03-20 13:38:15 | INFO     | app.middleware | Incoming request GET /home/data user_id=VIKRAMMH
2026-03-20 13:38:15 | INFO     | app.middleware | Incoming request GET /portfolio/data user_id=VIKRAMMH
2026-03-20 13:38:15 | INFO     | app.middleware | Incoming request GET /dashboard/vix user_id=VIKRAMMH
2026-03-20 13:38:15 | INFO     | app.middleware | Incoming request GET /dashboard/vix/options user_id=VIKRAMMH
2026-03-20 13:38:40 | INFO     | icici_breeze_backend.core.icici_client | Fetching portfolio for user VIKRAMMH
2026-03-20 13:38:41 | INFO     | app.middleware | Incoming request GET /home/data user_id=VIKRAMMH
2026-03-20 13:38:41 | INFO     | app.middleware | Incoming request GET /portfolio/data user_id=VIKRAMMH
2026-03-20 13:38:41 | INFO     | app.middleware | Incoming request GET /dashboard/vix user_id=VIKRAMMH
2026-03-20 13:38:41 | INFO     | app.middleware | Incoming request GET /dashboard/vix/options user_id=VIKRAMMH
2026-03-20 13:38:46 | INFO     | icici_breeze_backend.core.icici_client | Fetching portfolio for user VIKRAMMH
2026-03-20 13:38:47 | INFO     | app.middleware | Incoming request GET /home/data user_id=VIKRAMMH
2026-03-20 13:38:47 | INFO     | app.middleware | Incoming request GET /portfolio/data user_id=VIKRAMMH
2026-03-20 13:38:47 | INFO     | app.middleware | Incoming request GET /dashboard/vix user_id=VIKRAMMH
2026-03-20 13:38:47 | INFO     | app.middleware | Incoming request GET /dashboard/vix/options user_id=VIKRAMMH
2026-03-20 13:40:02 | INFO     | icici_breeze_backend.core.icici_client | Fetching portfolio for user VIKRAMMH
2026-03-20 13:40:02 | WARNING  | icici_breeze_backend.core.icici_client | Call attempt 1 failed: 'NoneType' object has no attribute 'get'
2026-03-20 13:40:03 | WARNING  | icici_breeze_backend.core.icici_client | Call attempt 2 failed: 'NoneType' object has no attribute 'get'
2026-03-20 13:40:05 | WARNING  | icici_breeze_backend.core.icici_client | Call attempt 3 failed: 'NoneType' object has no attribute 'get'
2026-03-20 13:40:06 | INFO     | app.middleware | Incoming request GET /home/data user_id=VIKRAMMH
2026-03-20 13:40:06 | INFO     | app.middleware | Incoming request GET /portfolio/data user_id=VIKRAMMH
2026-03-20 13:40:06 | INFO     | app.middleware | Incoming request GET /dashboard/vix user_id=VIKRAMMH
2026-03-20 13:40:06 | INFO     | app.middleware | Incoming request GET /dashboard/vix/options user_id=VIKRAMMH
2026-03-20 13:41:56 | INFO     | icici_breeze_backend.core.icici_client | Fetching portfolio for user VIKRAMMH
2026-03-20 13:41:56 | WARNING  | icici_breeze_backend.core.icici_client | Call attempt 1 failed: 'NoneType' object has no attribute 'get'
2026-03-20 13:41:57 | WARNING  | icici_breeze_backend.core.icici_client | Call attempt 2 failed: 'NoneType' object has no attribute 'get'
2026-03-20 13:41:59 | WARNING  | icici_breeze_backend.core.icici_client | Call attempt 3 failed: 'NoneType' object has no attribute 'get'
2026-03-20 13:41:59 | INFO     | app.middleware | Incoming request GET /home/data user_id=VIKRAMMH
2026-03-20 13:41:59 | INFO     | app.middleware | Incoming request GET /portfolio/data user_id=VIKRAMMH
2026-03-20 13:41:59 | INFO     | app.middleware | Incoming request GET /dashboard/vix user_id=VIKRAMMH
2026-03-20 13:41:59 | INFO     | app.middleware | Incoming request GET /dashboard/vix/options user_id=VIKRAMMH
2026-03-20 13:42:14 | INFO     | icici_breeze_backend.core.icici_client | Fetching portfolio for user VIKRAMMH
2026-03-20 13:42:19 | INFO     | app.middleware | Incoming request GET /home/data user_id=VIKRAMMH
2026-03-20 13:42:19 | INFO     | app.middleware | Incoming request GET /portfolio/data user_id=VIKRAMMH
2026-03-20 13:42:19 | INFO     | app.middleware | Incoming request GET /dashboard/vix user_id=VIKRAMMH
2026-03-20 13:42:19 | INFO     | app.middleware | Incoming request GET /dashboard/vix/options user_id=VIKRAMMH
2026-03-20 13:42:28 | INFO     | main | JWT_SECRET loaded (length=43). Login and credential decryption will use it.
2026-03-20 13:42:28 | INFO     | icici_breeze_backend.app.services.processor | Downloading ICICI master from https://directlink.icicidirect.com/NewSecurityMaster/SecurityMaster.zip
2026-03-20 13:42:29 | INFO     | icici_breeze_backend.app.services.processor | ICICI master download completed
2026-03-20 13:42:29 | INFO     | icici_breeze_backend.app.services.processor | Extracted 5 items to /Users/amitmhatre/Documents/GitHub/ICICI-Breeze-Modern/backend/data/
2026-03-20 13:42:29 | INFO     | icici_breeze_backend.app.services.processor | Loaded quantity limits rows into raw_limits_data (222 rows)
2026-03-20 13:42:29 | INFO     | icici_breeze_backend.app.services.processor | Loading scrip master from /Users/amitmhatre/Documents/GitHub/ICICI-Breeze-Modern/backend/data/FONSEScripMaster.txt
2026-03-20 13:42:30 | INFO     | icici_breeze_backend.app.services.processor | Loaded raw_scrip_data from CSV (104783 rows)
2026-03-20 13:42:30 | INFO     | icici_breeze_backend.app.services.processor | Inserted filtered data into scrip_master
2026-03-20 13:42:30 | INFO     | icici_breeze_backend.app.services.processor | Scrip master load completed successfully
2026-03-20 13:42:30 | INFO     | icici_breeze_backend.app.services.processor | Loading scrip master from /Users/amitmhatre/Documents/GitHub/ICICI-Breeze-Modern/backend/data/FOBSEScripMaster.txt
2026-03-20 13:42:30 | INFO     | icici_breeze_backend.app.services.processor | Loaded raw_scrip_data from CSV (6304 rows)
2026-03-20 13:42:30 | INFO     | icici_breeze_backend.app.services.processor | Inserted filtered data into scrip_master
2026-03-20 13:42:30 | INFO     | icici_breeze_backend.app.services.processor | Scrip master load completed successfully
2026-03-20 13:42:33 | INFO     | icici_breeze_backend.app.services.processor | get_session_breeze: session created for user_id=VIKRAMMH
2026-03-20 13:42:33 | INFO     | icici_breeze_backend.core.icici_client | Fetching portfolio for user VIKRAMMH
2026-03-20 13:42:33 | WARNING  | icici_breeze_backend.core.icici_client | Call attempt 1 failed: 'NoneType' object has no attribute 'get'
2026-03-20 13:42:34 | WARNING  | icici_breeze_backend.core.icici_client | Call attempt 2 failed: 'NoneType' object has no attribute 'get'
2026-03-20 13:42:36 | WARNING  | icici_breeze_backend.core.icici_client | Call attempt 3 failed: 'NoneType' object has no attribute 'get'
2026-03-20 13:42:36 | INFO     | app.middleware | Incoming request GET /home/data user_id=VIKRAMMH
2026-03-20 13:42:36 | INFO     | app.middleware | Incoming request GET /portfolio/data user_id=VIKRAMMH
2026-03-20 13:42:36 | INFO     | app.middleware | Incoming request GET /dashboard/vix user_id=VIKRAMMH
2026-03-20 13:42:46 | INFO     | icici_breeze_backend.core.icici_client | Fetching portfolio for user VIKRAMMH
2026-03-20 13:42:46 | INFO     | app.middleware | Incoming request GET /home/data user_id=VIKRAMMH
2026-03-20 13:42:46 | INFO     | app.middleware | Incoming request GET /portfolio/data user_id=VIKRAMMH
2026-03-20 13:42:46 | INFO     | app.middleware | Incoming request GET /dashboard/vix user_id=VIKRAMMH
2026-03-20 13:42:46 | INFO     | app.middleware | Incoming request GET /dashboard/vix/options user_id=VIKRAMMH
2026-03-20 13:42:54 | INFO     | icici_breeze_backend.core.icici_client | Fetching portfolio for user VIKRAMMH
2026-03-20 13:42:56 | INFO     | app.middleware | Incoming request GET /home/data user_id=VIKRAMMH
2026-03-20 13:42:56 | INFO     | app.middleware | Incoming request GET /portfolio/data user_id=VIKRAMMH
2026-03-20 13:42:56 | INFO     | app.middleware | Incoming request GET /dashboard/vix user_id=VIKRAMMH
2026-03-20 13:42:56 | INFO     | app.middleware | Incoming request GET /dashboard/vix/options user_id=VIKRAMMH
2026-03-20 13:44:02 | INFO     | icici_breeze_backend.core.icici_client | Fetching portfolio for user VIKRAMMH
2026-03-20 13:44:02 | WARNING  | icici_breeze_backend.core.icici_client | Call attempt 1 failed: 'NoneType' object has no attribute 'get'
2026-03-20 13:44:03 | WARNING  | icici_breeze_backend.core.icici_client | Call attempt 2 failed: 'NoneType' object has no attribute 'get'
2026-03-20 13:44:05 | WARNING  | icici_breeze_backend.core.icici_client | Call attempt 3 failed: 'NoneType' object has no attribute 'get'
2026-03-20 13:44:07 | INFO     | app.middleware | Incoming request GET /home/data user_id=VIKRAMMH
2026-03-20 13:44:07 | INFO     | app.middleware | Incoming request GET /portfolio/data user_id=VIKRAMMH
2026-03-20 13:44:07 | INFO     | app.middleware | Incoming request GET /dashboard/vix user_id=VIKRAMMH
2026-03-20 13:44:07 | INFO     | app.middleware | Incoming request GET /dashboard/vix/options user_id=VIKRAMMH
2026-03-20 13:53:57 | INFO     | app.middleware | Incoming request GET /home/data user_id=VIKRAMMH
2026-03-20 13:55:20 | INFO     | icici_breeze_backend.core.icici_client | Fetching portfolio for user VIKRAMMH
2026-03-20 13:55:20 | WARNING  | icici_breeze_backend.core.icici_client | Call attempt 1 failed: 'NoneType' object has no attribute 'get'
2026-03-20 13:55:21 | WARNING  | icici_breeze_backend.core.icici_client | Call attempt 2 failed: 'NoneType' object has no attribute 'get'
2026-03-20 13:55:23 | WARNING  | icici_breeze_backend.core.icici_client | Call attempt 3 failed: 'NoneType' object has no attribute 'get'
2026-03-20 13:55:23 | INFO     | app.middleware | Incoming request GET /home/data user_id=VIKRAMMH
2026-03-20 13:55:23 | INFO     | app.middleware | Incoming request GET /portfolio/data user_id=VIKRAMMH
2026-03-20 13:55:23 | INFO     | app.middleware | Incoming request GET /dashboard/vix user_id=VIKRAMMH
2026-03-20 13:55:23 | INFO     | app.middleware | Incoming request GET /dashboard/vix/options user_id=VIKRAMMH
2026-03-20 13:55:30 | INFO     | icici_breeze_backend.core.icici_client | Fetching portfolio for user VIKRAMMH
2026-03-20 13:55:31 | INFO     | app.middleware | Incoming request GET /home/data user_id=VIKRAMMH
2026-03-20 13:55:31 | INFO     | app.middleware | Incoming request GET /portfolio/data user_id=VIKRAMMH
2026-03-20 13:55:31 | INFO     | app.middleware | Incoming request GET /dashboard/vix user_id=VIKRAMMH
2026-03-20 13:55:31 | INFO     | app.middleware | Incoming request GET /dashboard/vix/options user_id=VIKRAMMH
2026-03-20 13:56:32 | INFO     | app.middleware | Incoming request GET /home/data user_id=VIKRAMMH
2026-03-20 13:57:41 | INFO     | app.middleware | Incoming request GET /home/data user_id=VIKRAMMH
2026-03-20 13:58:49 | INFO     | app.middleware | Incoming request GET /home/data user_id=VIKRAMMH
2026-03-20 13:59:49 | INFO     | icici_breeze_backend.core.icici_client | Fetching portfolio for user VIKRAMMH
2026-03-20 13:59:49 | WARNING  | icici_breeze_backend.core.icici_client | Call attempt 1 failed: 'NoneType' object has no attribute 'get'
2026-03-20 13:59:50 | WARNING  | icici_breeze_backend.core.icici_client | Call attempt 2 failed: 'NoneType' object has no attribute 'get'
2026-03-20 13:59:52 | WARNING  | icici_breeze_backend.core.icici_client | Call attempt 3 failed: 'NoneType' object has no attribute 'get'
2026-03-20 13:59:53 | INFO     | app.middleware | Incoming request GET /home/data user_id=VIKRAMMH
2026-03-20 13:59:53 | INFO     | app.middleware | Incoming request GET /portfolio/data user_id=VIKRAMMH
2026-03-20 13:59:53 | INFO     | app.middleware | Incoming request GET /dashboard/vix user_id=VIKRAMMH
2026-03-20 13:59:53 | INFO     | app.middleware | Incoming request GET /dashboard/vix/options user_id=VIKRAMMH
2026-03-20 14:00:36 | INFO     | app.middleware | Incoming request GET /home/data user_id=VIKRAMMH
2026-03-20 14:00:37 | INFO     | icici_breeze_backend.core.icici_client | Fetching portfolio for user VIKRAMMH
2026-03-20 14:00:40 | INFO     | icici_breeze_backend.core.icici_client | Fetching portfolio for user VIKRAMMH
2026-03-20 14:00:40 | INFO     | app.middleware | Incoming request GET /portfolio/data user_id=VIKRAMMH
2026-03-20 14:00:41 | INFO     | app.middleware | Incoming request GET /dashboard/vix user_id=VIKRAMMH
2026-03-20 14:00:41 | INFO     | app.middleware | Incoming request GET /dashboard/vix/options user_id=VIKRAMMH
2026-03-20 14:00:41 | INFO     | app.middleware | Incoming request GET /home/data user_id=VIKRAMMH
2026-03-20 14:00:41 | INFO     | app.middleware | Incoming request GET /portfolio/data user_id=VIKRAMMH
2026-03-20 14:00:41 | INFO     | app.middleware | Incoming request GET /dashboard/vix user_id=VIKRAMMH
2026-03-20 14:00:41 | INFO     | app.middleware | Incoming request GET /dashboard/vix/options user_id=VIKRAMMH
2026-03-20 14:02:35 | INFO     | app.middleware | Incoming request GET /home/data user_id=VIKRAMMH
2026-03-20 14:04:32 | INFO     | icici_breeze_backend.core.icici_client | Fetching portfolio for user VIKRAMMH
2026-03-20 14:04:32 | WARNING  | icici_breeze_backend.core.icici_client | Call attempt 1 failed: 'NoneType' object has no attribute 'get'
2026-03-20 14:04:33 | WARNING  | icici_breeze_backend.core.icici_client | Call attempt 2 failed: 'NoneType' object has no attribute 'get'
2026-03-20 14:04:35 | WARNING  | icici_breeze_backend.core.icici_client | Call attempt 3 failed: 'NoneType' object has no attribute 'get'
2026-03-20 14:04:37 | INFO     | app.middleware | Incoming request GET /home/data user_id=VIKRAMMH
2026-03-20 14:04:37 | INFO     | app.middleware | Incoming request GET /portfolio/data user_id=VIKRAMMH
2026-03-20 14:04:37 | INFO     | app.middleware | Incoming request GET /dashboard/vix user_id=VIKRAMMH
2026-03-20 14:04:37 | INFO     | app.middleware | Incoming request GET /dashboard/vix/options user_id=VIKRAMMH
2026-03-20 14:06:08 | INFO     | icici_breeze_backend.core.icici_client | Fetching portfolio for user VIKRAMMH
2026-03-20 14:06:08 | WARNING  | icici_breeze_backend.core.icici_client | Call attempt 1 failed: 'NoneType' object has no attribute 'get'
2026-03-20 14:06:09 | WARNING  | icici_breeze_backend.core.icici_client | Call attempt 2 failed: 'NoneType' object has no attribute 'get'
2026-03-20 14:06:11 | WARNING  | icici_breeze_backend.core.icici_client | Call attempt 3 failed: 'NoneType' object has no attribute 'get'
2026-03-20 14:06:12 | INFO     | app.middleware | Incoming request GET /home/data user_id=VIKRAMMH
2026-03-20 14:06:12 | INFO     | app.middleware | Incoming request GET /portfolio/data user_id=VIKRAMMH
2026-03-20 14:06:12 | INFO     | app.middleware | Incoming request GET /dashboard/vix user_id=VIKRAMMH
2026-03-20 14:06:12 | INFO     | app.middleware | Incoming request GET /dashboard/vix/options user_id=VIKRAMMH
2026-03-20 14:06:26 | INFO     | app.middleware | Incoming request GET /dashboard/vix user_id=VIKRAMMH
2026-03-20 14:06:26 | INFO     | app.middleware | Incoming request GET /dashboard/vix/options user_id=VIKRAMMH
2026-03-20 22:19:41 | INFO     | main | JWT_SECRET loaded (length=43). Login and credential decryption will use it.
2026-03-20 22:19:41 | INFO     | icici_breeze_backend.app.services.processor | Downloading ICICI master from https://directlink.icicidirect.com/NewSecurityMaster/SecurityMaster.zip
2026-03-20 22:19:51 | INFO     | icici_breeze_backend.app.services.processor | ICICI master download completed
2026-03-20 22:19:51 | INFO     | icici_breeze_backend.app.services.processor | Extracted 5 items to /Users/amitmhatre/Documents/GitHub/ICICI-Breeze-Modern/backend/data/
2026-03-20 22:19:51 | INFO     | icici_breeze_backend.app.services.processor | Loaded quantity limits rows into raw_limits_data (222 rows)
2026-03-20 22:19:51 | INFO     | icici_breeze_backend.app.services.processor | Loading scrip master from /Users/amitmhatre/Documents/GitHub/ICICI-Breeze-Modern/backend/data/FONSEScripMaster.txt
2026-03-20 22:19:52 | INFO     | icici_breeze_backend.app.services.processor | Loaded raw_scrip_data from CSV (104783 rows)
2026-03-20 22:19:52 | INFO     | icici_breeze_backend.app.services.processor | Inserted filtered data into scrip_master
2026-03-20 22:19:52 | INFO     | icici_breeze_backend.app.services.processor | Scrip master load completed successfully
2026-03-20 22:19:52 | INFO     | icici_breeze_backend.app.services.processor | Loading scrip master from /Users/amitmhatre/Documents/GitHub/ICICI-Breeze-Modern/backend/data/FOBSEScripMaster.txt
2026-03-20 22:19:52 | INFO     | icici_breeze_backend.app.services.processor | Loaded raw_scrip_data from CSV (6304 rows)
2026-03-20 22:19:52 | INFO     | icici_breeze_backend.app.services.processor | Inserted filtered data into scrip_master
2026-03-20 22:19:52 | INFO     | icici_breeze_backend.app.services.processor | Scrip master load completed successfully
2026-03-20 22:20:15 | INFO     | icici_breeze_backend.app.services.processor | get_session_breeze: session created for user_id=VIKRAMMH
2026-03-20 22:20:17 | INFO     | icici_breeze_backend.core.icici_client | Fetching portfolio for user VIKRAMMH
2026-03-20 22:20:17 | WARNING  | icici_breeze_backend.core.icici_client | Call attempt 1 failed: 'NoneType' object has no attribute 'get'
2026-03-20 22:20:18 | WARNING  | icici_breeze_backend.core.icici_client | Call attempt 2 failed: 'NoneType' object has no attribute 'get'
2026-03-20 22:20:20 | WARNING  | icici_breeze_backend.core.icici_client | Call attempt 3 failed: 'NoneType' object has no attribute 'get'
2026-03-20 22:20:23 | INFO     | icici_breeze_backend.core.icici_client | Fetching portfolio for user VIKRAMMH
2026-03-20 22:20:23 | INFO     | app.middleware | Incoming request GET /home/data user_id=VIKRAMMH
2026-03-20 22:20:23 | INFO     | app.middleware | Incoming request GET /portfolio/data user_id=VIKRAMMH
2026-03-20 22:20:23 | INFO     | app.middleware | Incoming request GET /dashboard/vix user_id=VIKRAMMH
2026-03-20 22:20:23 | INFO     | app.middleware | Incoming request GET /dashboard/vix/options user_id=VIKRAMMH
2026-03-20 22:20:23 | INFO     | app.middleware | Incoming request GET /home/data user_id=VIKRAMMH
2026-03-20 22:20:23 | INFO     | app.middleware | Incoming request GET /portfolio/data user_id=VIKRAMMH
2026-03-20 22:20:23 | INFO     | app.middleware | Incoming request GET /dashboard/vix user_id=VIKRAMMH
2026-03-20 22:20:23 | INFO     | app.middleware | Incoming request GET /dashboard/vix/options user_id=VIKRAMMH
2026-03-20 22:21:26 | INFO     | icici_breeze_backend.core.icici_client | Fetching portfolio for user VIKRAMMH
2026-03-20 22:21:26 | WARNING  | icici_breeze_backend.core.icici_client | Call attempt 1 failed: 'NoneType' object has no attribute 'get'
2026-03-20 22:21:27 | WARNING  | icici_breeze_backend.core.icici_client | Call attempt 2 failed: 'NoneType' object has no attribute 'get'
2026-03-20 22:21:29 | WARNING  | icici_breeze_backend.core.icici_client | Call attempt 3 failed: 'NoneType' object has no attribute 'get'
2026-03-20 22:21:31 | INFO     | app.middleware | Incoming request GET /home/data user_id=VIKRAMMH
2026-03-20 22:21:31 | INFO     | icici_breeze_backend.core.icici_client | Fetching portfolio for user VIKRAMMH
2026-03-20 22:21:31 | INFO     | app.middleware | Incoming request GET /portfolio/data user_id=VIKRAMMH
2026-03-20 22:21:31 | INFO     | app.middleware | Incoming request GET /dashboard/vix user_id=VIKRAMMH
2026-03-20 22:21:31 | INFO     | app.middleware | Incoming request GET /dashboard/vix/options user_id=VIKRAMMH
2026-03-20 22:21:31 | INFO     | app.middleware | Incoming request GET /home/data user_id=VIKRAMMH
2026-03-20 22:21:31 | INFO     | app.middleware | Incoming request GET /portfolio/data user_id=VIKRAMMH
2026-03-20 22:21:31 | INFO     | app.middleware | Incoming request GET /dashboard/vix user_id=VIKRAMMH
2026-03-20 22:21:31 | INFO     | app.middleware | Incoming request GET /dashboard/vix/options user_id=VIKRAMMH
2026-03-20 22:21:36 | INFO     | app.middleware | Incoming request GET /dashboard/vix user_id=VIKRAMMH
2026-03-20 22:21:36 | INFO     | app.middleware | Incoming request GET /dashboard/vix/options user_id=VIKRAMMH
2026-03-20 22:22:55 | INFO     | icici_breeze_backend.core.icici_client | Fetching portfolio for user VIKRAMMH
2026-03-20 22:22:55 | WARNING  | icici_breeze_backend.core.icici_client | Call attempt 1 failed: 'NoneType' object has no attribute 'get'
2026-03-20 22:22:56 | WARNING  | icici_breeze_backend.core.icici_client | Call attempt 2 failed: 'NoneType' object has no attribute 'get'
2026-03-20 22:22:58 | WARNING  | icici_breeze_backend.core.icici_client | Call attempt 3 failed: 'NoneType' object has no attribute 'get'
2026-03-20 22:23:00 | INFO     | app.middleware | Incoming request GET /home/data user_id=VIKRAMMH
2026-03-20 22:23:00 | INFO     | app.middleware | Incoming request GET /portfolio/data user_id=VIKRAMMH
2026-03-20 22:23:00 | INFO     | app.middleware | Incoming request GET /dashboard/vix user_id=VIKRAMMH
2026-03-20 22:23:00 | INFO     | app.middleware | Incoming request GET /dashboard/vix/options user_id=VIKRAMMH
2026-03-20 22:23:08 | INFO     | app.middleware | Incoming request GET /dashboard/vix user_id=VIKRAMMH
2026-03-20 22:23:08 | INFO     | app.middleware | Incoming request GET /dashboard/vix/options user_id=VIKRAMMH
2026-03-20 22:24:05 | INFO     | icici_breeze_backend.core.icici_client | Fetching portfolio for user VIKRAMMH
2026-03-20 22:24:05 | WARNING  | icici_breeze_backend.core.icici_client | Call attempt 1 failed: 'NoneType' object has no attribute 'get'
2026-03-20 22:24:06 | WARNING  | icici_breeze_backend.core.icici_client | Call attempt 2 failed: 'NoneType' object has no attribute 'get'
2026-03-20 22:24:08 | WARNING  | icici_breeze_backend.core.icici_client | Call attempt 3 failed: 'NoneType' object has no attribute 'get'
2026-03-20 22:24:10 | INFO     | app.middleware | Incoming request GET /home/data user_id=VIKRAMMH
2026-03-20 22:24:10 | INFO     | app.middleware | Incoming request GET /portfolio/data user_id=VIKRAMMH
2026-03-20 22:24:10 | INFO     | app.middleware | Incoming request GET /dashboard/vix user_id=VIKRAMMH
2026-03-20 22:24:10 | INFO     | app.middleware | Incoming request GET /dashboard/vix/options user_id=VIKRAMMH
2026-03-20 22:31:37 | INFO     | icici_breeze_backend.core.icici_client | Fetching portfolio for user VIKRAMMH
2026-03-20 22:31:37 | WARNING  | icici_breeze_backend.core.icici_client | Call attempt 1 failed: 'NoneType' object has no attribute 'get'
2026-03-20 22:31:38 | WARNING  | icici_breeze_backend.core.icici_client | Call attempt 2 failed: 'NoneType' object has no attribute 'get'
2026-03-20 22:31:40 | WARNING  | icici_breeze_backend.core.icici_client | Call attempt 3 failed: 'NoneType' object has no attribute 'get'
2026-03-20 22:31:41 | INFO     | app.middleware | Incoming request GET /home/data user_id=VIKRAMMH
2026-03-20 22:31:41 | INFO     | app.middleware | Incoming request GET /portfolio/data user_id=VIKRAMMH
2026-03-20 22:31:41 | INFO     | app.middleware | Incoming request GET /dashboard/vix user_id=VIKRAMMH
2026-03-20 22:31:41 | INFO     | app.middleware | Incoming request GET /dashboard/vix/options user_id=VIKRAMMH
2026-03-20 22:32:32 | INFO     | icici_breeze_backend.core.icici_client | Fetching portfolio for user VIKRAMMH
2026-03-20 22:32:34 | INFO     | app.middleware | Incoming request GET /home/data user_id=VIKRAMMH
2026-03-20 22:32:34 | INFO     | app.middleware | Incoming request GET /portfolio/data user_id=VIKRAMMH
2026-03-20 22:32:34 | INFO     | app.middleware | Incoming request GET /dashboard/vix user_id=VIKRAMMH
2026-03-20 22:32:34 | INFO     | app.middleware | Incoming request GET /dashboard/vix/options user_id=VIKRAMMH
2026-03-20 22:33:26 | INFO     | icici_breeze_backend.core.icici_client | Fetching portfolio for user VIKRAMMH
2026-03-20 22:33:26 | WARNING  | icici_breeze_backend.core.icici_client | Call attempt 1 failed: 'NoneType' object has no attribute 'get'
2026-03-20 22:33:27 | WARNING  | icici_breeze_backend.core.icici_client | Call attempt 2 failed: 'NoneType' object has no attribute 'get'
2026-03-20 22:33:29 | WARNING  | icici_breeze_backend.core.icici_client | Call attempt 3 failed: 'NoneType' object has no attribute 'get'
2026-03-20 22:33:29 | INFO     | app.middleware | Incoming request GET /home/data user_id=VIKRAMMH
2026-03-20 22:33:29 | INFO     | app.middleware | Incoming request GET /portfolio/data user_id=VIKRAMMH
2026-03-20 22:34:57 | INFO     | icici_breeze_backend.core.icici_client | Fetching portfolio for user VIKRAMMH
2026-03-20 22:34:57 | WARNING  | icici_breeze_backend.core.icici_client | Call attempt 1 failed: 'NoneType' object has no attribute 'get'
2026-03-20 22:34:58 | WARNING  | icici_breeze_backend.core.icici_client | Call attempt 2 failed: 'NoneType' object has no attribute 'get'
2026-03-20 22:35:00 | WARNING  | icici_breeze_backend.core.icici_client | Call attempt 3 failed: 'NoneType' object has no attribute 'get'
2026-03-20 22:35:00 | INFO     | app.middleware | Incoming request GET /home/data user_id=VIKRAMMH
2026-03-20 22:35:00 | INFO     | app.middleware | Incoming request GET /portfolio/data user_id=VIKRAMMH
2026-03-20 22:36:09 | INFO     | icici_breeze_backend.core.icici_client | Fetching portfolio for user VIKRAMMH
2026-03-20 22:36:09 | WARNING  | icici_breeze_backend.core.icici_client | Call attempt 1 failed: 'NoneType' object has no attribute 'get'
2026-03-20 22:36:10 | WARNING  | icici_breeze_backend.core.icici_client | Call attempt 2 failed: 'NoneType' object has no attribute 'get'
2026-03-20 22:36:12 | WARNING  | icici_breeze_backend.core.icici_client | Call attempt 3 failed: 'NoneType' object has no attribute 'get'
2026-03-20 22:36:12 | INFO     | app.middleware | Incoming request GET /home/data user_id=VIKRAMMH
2026-03-20 22:36:12 | INFO     | app.middleware | Incoming request GET /portfolio/data user_id=VIKRAMMH
2026-03-20 22:46:41 | INFO     | icici_breeze_backend.core.icici_client | Fetching portfolio for user VIKRAMMH
2026-03-20 22:46:41 | WARNING  | icici_breeze_backend.core.icici_client | Call attempt 1 failed: 'NoneType' object has no attribute 'get'
2026-03-20 22:46:42 | WARNING  | icici_breeze_backend.core.icici_client | Call attempt 2 failed: 'NoneType' object has no attribute 'get'
2026-03-20 22:46:44 | WARNING  | icici_breeze_backend.core.icici_client | Call attempt 3 failed: 'NoneType' object has no attribute 'get'
2026-03-20 22:46:44 | INFO     | app.middleware | Incoming request GET /portfolio/data user_id=VIKRAMMH
2026-03-20 22:46:44 | INFO     | app.middleware | Incoming request GET /home/data user_id=VIKRAMMH
2026-03-20 22:46:54 | INFO     | app.middleware | Incoming request POST /auth/logout user_id=VIKRAMMH
2026-03-20 22:46:54 | INFO     | app.middleware | Incoming request POST /auth/logout user_id=VIKRAMMH
2026-03-20 22:53:34 | INFO     | httpx | HTTP Request: GET https://accounts.google.com/.well-known/openid-configuration "HTTP/1.1 200 OK"
2026-03-20 22:53:34 | INFO     | app.middleware | Incoming request GET /auth/google user_id=127.0.0.1
2026-03-20 22:53:49 | INFO     | httpx | HTTP Request: POST https://oauth2.googleapis.com/token "HTTP/1.1 200 OK"
2026-03-20 22:53:49 | INFO     | httpx | HTTP Request: GET https://www.googleapis.com/oauth2/v3/certs "HTTP/1.1 200 OK"
2026-03-20 22:53:49 | INFO     | app.middleware | Incoming request GET /auth/google/callback user_id=127.0.0.1
2026-03-20 22:53:49 | INFO     | app.middleware | Incoming request GET /auth/icici-redirect user_id=127.0.0.1
2026-03-20 22:54:01 | INFO     | app.middleware | Incoming request POST /icici-return user_id=127.0.0.1
2026-03-20 22:54:01 | INFO     | app.middleware | Incoming request GET /auth/challenge-context user_id=127.0.0.1
2026-03-20 22:54:14 | INFO     | icici_breeze_backend.app.api.v1.home | login_submit user_id=VIKRAMMH apisession_present=True secret_fragment_present=True
2026-03-20 22:54:30 | INFO     | httpx | HTTP Request: GET https://api.icicidirect.com/breezeapi/api/v1/customerdetails "HTTP/1.1 200 OK"
2026-03-20 22:54:30 | INFO     | httpx | HTTP Request: GET https://api.icicidirect.com/breezeapi/api/v1/margin "HTTP/1.1 200 OK"
2026-03-20 22:54:30 | INFO     | icici_breeze_backend.app.api.v1.home | login_submit success user_id=VIKRAMMH
2026-03-20 22:54:30 | INFO     | app.middleware | Incoming request POST /auth/icici-session user_id=127.0.0.1
2026-03-20 22:54:49 | INFO     | icici_breeze_backend.app.services.processor | get_session_breeze: session created for user_id=VIKRAMMH
2026-03-20 22:54:49 | INFO     | icici_breeze_backend.core.icici_client | Fetching portfolio for user VIKRAMMH
2026-03-20 22:54:49 | WARNING  | icici_breeze_backend.core.icici_client | Call attempt 1 failed: 'NoneType' object has no attribute 'get'
2026-03-20 22:54:50 | WARNING  | icici_breeze_backend.core.icici_client | Call attempt 2 failed: 'NoneType' object has no attribute 'get'
2026-03-20 22:54:52 | WARNING  | icici_breeze_backend.core.icici_client | Call attempt 3 failed: 'NoneType' object has no attribute 'get'
2026-03-20 22:54:54 | INFO     | app.middleware | Incoming request GET /home/data user_id=VIKRAMMH
2026-03-20 22:54:54 | INFO     | app.middleware | Incoming request GET /portfolio/data user_id=VIKRAMMH
2026-03-20 22:54:54 | INFO     | app.middleware | Incoming request GET /dashboard/vix user_id=VIKRAMMH
2026-03-20 22:54:54 | INFO     | app.middleware | Incoming request GET /dashboard/vix/options user_id=VIKRAMMH
2026-03-20 22:56:49 | INFO     | main | JWT_SECRET loaded (length=43). Login and credential decryption will use it.
2026-03-20 22:56:49 | INFO     | icici_breeze_backend.app.services.processor | Downloading ICICI master from https://directlink.icicidirect.com/NewSecurityMaster/SecurityMaster.zip
2026-03-20 22:56:55 | INFO     | icici_breeze_backend.app.services.processor | ICICI master download completed
2026-03-20 22:56:55 | INFO     | icici_breeze_backend.app.services.processor | Extracted 5 items to /Users/amitmhatre/Documents/GitHub/ICICI-Breeze-Modern/backend/data/
2026-03-20 22:56:55 | INFO     | icici_breeze_backend.app.services.processor | Loaded quantity limits rows into raw_limits_data (222 rows)
2026-03-20 22:56:55 | INFO     | icici_breeze_backend.app.services.processor | Loading scrip master from /Users/amitmhatre/Documents/GitHub/ICICI-Breeze-Modern/backend/data/FONSEScripMaster.txt
2026-03-20 22:56:56 | INFO     | icici_breeze_backend.app.services.processor | Loaded raw_scrip_data from CSV (104783 rows)
2026-03-20 22:56:56 | INFO     | icici_breeze_backend.app.services.processor | Inserted filtered data into scrip_master
2026-03-20 22:56:56 | INFO     | icici_breeze_backend.app.services.processor | Scrip master load completed successfully
2026-03-20 22:56:56 | INFO     | icici_breeze_backend.app.services.processor | Loading scrip master from /Users/amitmhatre/Documents/GitHub/ICICI-Breeze-Modern/backend/data/FOBSEScripMaster.txt
2026-03-20 22:56:56 | INFO     | icici_breeze_backend.app.services.processor | Loaded raw_scrip_data from CSV (6304 rows)
2026-03-20 22:56:56 | INFO     | icici_breeze_backend.app.services.processor | Inserted filtered data into scrip_master
2026-03-20 22:56:56 | INFO     | icici_breeze_backend.app.services.processor | Scrip master load completed successfully
2026-03-20 22:58:04 | INFO     | main | JWT_SECRET loaded (length=43). Login and credential decryption will use it.
2026-03-20 22:58:04 | INFO     | icici_breeze_backend.app.services.processor | Downloading ICICI master from https://directlink.icicidirect.com/NewSecurityMaster/SecurityMaster.zip
2026-03-20 22:58:11 | INFO     | icici_breeze_backend.app.services.processor | ICICI master download completed
2026-03-20 22:58:11 | INFO     | icici_breeze_backend.app.services.processor | Extracted 5 items to /Users/amitmhatre/Documents/GitHub/ICICI-Breeze-Modern/backend/data/
2026-03-20 22:58:11 | INFO     | icici_breeze_backend.app.services.processor | Loaded quantity limits rows into raw_limits_data (222 rows)
2026-03-20 22:58:11 | INFO     | icici_breeze_backend.app.services.processor | Loading scrip master from /Users/amitmhatre/Documents/GitHub/ICICI-Breeze-Modern/backend/data/FONSEScripMaster.txt
2026-03-20 22:58:12 | INFO     | icici_breeze_backend.app.services.processor | Loaded raw_scrip_data from CSV (104783 rows)
2026-03-20 22:58:12 | INFO     | icici_breeze_backend.app.services.processor | Inserted filtered data into scrip_master
2026-03-20 22:58:12 | INFO     | icici_breeze_backend.app.services.processor | Scrip master load completed successfully
2026-03-20 22:58:12 | INFO     | icici_breeze_backend.app.services.processor | Loading scrip master from /Users/amitmhatre/Documents/GitHub/ICICI-Breeze-Modern/backend/data/FOBSEScripMaster.txt
2026-03-20 22:58:12 | INFO     | icici_breeze_backend.app.services.processor | Loaded raw_scrip_data from CSV (6304 rows)
2026-03-20 22:58:12 | INFO     | icici_breeze_backend.app.services.processor | Inserted filtered data into scrip_master
2026-03-20 22:58:12 | INFO     | icici_breeze_backend.app.services.processor | Scrip master load completed successfully
2026-03-20 22:58:13 | INFO     | app.middleware | Incoming request GET /health user_id=127.0.0.1
2026-03-20 22:58:37 | INFO     | icici_breeze_backend.app.services.processor | get_session_breeze: session created for user_id=VIKRAMMH
2026-03-20 22:58:38 | INFO     | icici_breeze_backend.core.icici_client | Fetching portfolio for user VIKRAMMH
2026-03-20 22:58:40 | INFO     | app.middleware | Incoming request GET /home/data user_id=VIKRAMMH
2026-03-20 22:58:40 | INFO     | app.middleware | Incoming request GET /portfolio/data user_id=VIKRAMMH
2026-03-20 22:58:40 | INFO     | app.middleware | Incoming request GET /dashboard/vix user_id=VIKRAMMH
2026-03-20 22:58:40 | INFO     | app.middleware | Incoming request GET /dashboard/vix/options user_id=VIKRAMMH
2026-03-20 23:00:45 | INFO     | icici_breeze_backend.core.icici_client | Fetching portfolio for user VIKRAMMH
2026-03-20 23:00:47 | INFO     | app.middleware | Incoming request GET /home/data user_id=VIKRAMMH
2026-03-20 23:00:47 | INFO     | app.middleware | Incoming request GET /portfolio/data user_id=VIKRAMMH
2026-03-20 23:00:47 | INFO     | app.middleware | Incoming request GET /dashboard/vix user_id=VIKRAMMH
2026-03-20 23:00:47 | INFO     | app.middleware | Incoming request GET /dashboard/vix/options user_id=VIKRAMMH
2026-03-20 23:01:00 | INFO     | app.middleware | Incoming request OPTIONS /auth/session user_id=127.0.0.1
2026-03-20 23:01:00 | INFO     | app.middleware | Incoming request OPTIONS /auth/session user_id=127.0.0.1
2026-03-20 23:01:01 | INFO     | app.middleware | Incoming request OPTIONS /auth/session user_id=127.0.0.1
2026-03-20 23:01:02 | INFO     | app.middleware | Incoming request POST /auth/logout user_id=VIKRAMMH
2026-03-20 23:01:02 | INFO     | app.middleware | Incoming request POST /auth/logout user_id=VIKRAMMH
2026-03-20 23:01:05 | INFO     | app.middleware | Incoming request GET /api/register/session user_id=127.0.0.1
2026-03-20 23:02:35 | INFO     | httpx | HTTP Request: GET https://accounts.google.com/.well-known/openid-configuration "HTTP/1.1 200 OK"
2026-03-20 23:02:35 | INFO     | app.middleware | Incoming request GET /auth/google user_id=127.0.0.1
2026-03-20 23:02:35 | INFO     | httpx | HTTP Request: POST https://oauth2.googleapis.com/token "HTTP/1.1 200 OK"
2026-03-20 23:02:35 | INFO     | httpx | HTTP Request: GET https://www.googleapis.com/oauth2/v3/certs "HTTP/1.1 200 OK"
2026-03-20 23:02:35 | INFO     | app.middleware | Incoming request GET /auth/google/callback user_id=127.0.0.1
2026-03-20 23:02:35 | INFO     | app.middleware | Incoming request GET /api/register/session user_id=127.0.0.1
2026-03-20 23:06:31 | INFO     | app.middleware | Incoming request GET /auth/google user_id=127.0.0.1
2026-03-20 23:06:31 | INFO     | httpx | HTTP Request: POST https://oauth2.googleapis.com/token "HTTP/1.1 200 OK"
2026-03-20 23:06:31 | INFO     | app.middleware | Incoming request GET /auth/google/callback user_id=127.0.0.1
2026-03-20 23:06:31 | INFO     | app.middleware | Incoming request GET /auth/icici-redirect user_id=127.0.0.1
2026-03-20 23:07:54 | INFO     | app.middleware | Incoming request POST /icici-return user_id=127.0.0.1
2026-03-20 23:07:54 | INFO     | app.middleware | Incoming request GET /auth/challenge-context user_id=127.0.0.1
2026-03-20 23:08:24 | INFO     | icici_breeze_backend.app.api.v1.home | login_submit user_id=VIKRAMMH apisession_present=True secret_fragment_present=True
2026-03-20 23:08:44 | INFO     | httpx | HTTP Request: GET https://api.icicidirect.com/breezeapi/api/v1/customerdetails "HTTP/1.1 200 OK"
2026-03-20 23:08:45 | INFO     | httpx | HTTP Request: GET https://api.icicidirect.com/breezeapi/api/v1/margin "HTTP/1.1 200 OK"
2026-03-20 23:08:45 | INFO     | icici_breeze_backend.app.api.v1.home | login_submit success user_id=VIKRAMMH
2026-03-20 23:08:45 | INFO     | app.middleware | Incoming request POST /auth/icici-session user_id=127.0.0.1
2026-03-20 23:09:01 | INFO     | icici_breeze_backend.app.services.processor | get_session_breeze: session created for user_id=VIKRAMMH
2026-03-20 23:09:01 | INFO     | icici_breeze_backend.core.icici_client | Fetching portfolio for user VIKRAMMH
2026-03-20 23:09:04 | INFO     | app.middleware | Incoming request GET /home/data user_id=VIKRAMMH
2026-03-20 23:09:04 | INFO     | app.middleware | Incoming request GET /portfolio/data user_id=VIKRAMMH
2026-03-20 23:09:04 | INFO     | app.middleware | Incoming request GET /dashboard/vix user_id=VIKRAMMH
2026-03-20 23:09:04 | INFO     | app.middleware | Incoming request GET /dashboard/vix/options user_id=VIKRAMMH
2026-03-20 23:10:52 | INFO     | icici_breeze_backend.core.icici_client | Fetching portfolio for user VIKRAMMH
2026-03-20 23:10:56 | INFO     | app.middleware | Incoming request GET /home/data user_id=VIKRAMMH
2026-03-20 23:10:56 | INFO     | app.middleware | Incoming request GET /portfolio/data user_id=VIKRAMMH
2026-03-20 23:10:56 | INFO     | app.middleware | Incoming request GET /dashboard/vix user_id=VIKRAMMH
2026-03-20 23:10:56 | INFO     | app.middleware | Incoming request GET /dashboard/vix/options user_id=VIKRAMMH
2026-03-20 23:29:16 | INFO     | icici_breeze_backend.core.icici_client | Fetching portfolio for user VIKRAMMH
2026-03-20 23:29:17 | INFO     | app.middleware | Incoming request GET /home/data user_id=VIKRAMMH
2026-03-20 23:29:17 | INFO     | app.middleware | Incoming request GET /portfolio/data user_id=VIKRAMMH
2026-03-20 23:29:17 | INFO     | app.middleware | Incoming request GET /dashboard/vix user_id=VIKRAMMH
2026-03-20 23:29:17 | INFO     | app.middleware | Incoming request GET /dashboard/vix/options user_id=VIKRAMMH
2026-03-20 23:29:23 | INFO     | app.middleware | Incoming request POST /auth/logout user_id=VIKRAMMH
2026-03-20 23:29:23 | INFO     | app.middleware | Incoming request POST /auth/logout user_id=VIKRAMMH
2026-03-20 23:29:38 | INFO     | app.middleware | Incoming request OPTIONS /auth/session user_id=127.0.0.1
2026-03-20 23:31:54 | INFO     | app.middleware | Incoming request GET /auth/google user_id=127.0.0.1
2026-03-20 23:32:05 | INFO     | httpx | HTTP Request: POST https://oauth2.googleapis.com/token "HTTP/1.1 200 OK"
2026-03-20 23:32:05 | INFO     | app.middleware | Incoming request GET /auth/google/callback user_id=127.0.0.1
2026-03-20 23:32:05 | INFO     | app.middleware | Incoming request GET /auth/icici-redirect user_id=127.0.0.1
2026-03-20 23:32:36 | INFO     | app.middleware | Incoming request POST / user_id=127.0.0.1
2026-03-20 23:34:13 | INFO     | main | JWT_SECRET loaded (length=43). Login and credential decryption will use it.
2026-03-20 23:34:13 | INFO     | icici_breeze_backend.app.services.processor | Downloading ICICI master from https://directlink.icicidirect.com/NewSecurityMaster/SecurityMaster.zip
2026-03-20 23:34:19 | INFO     | icici_breeze_backend.app.services.processor | ICICI master download completed
2026-03-20 23:34:19 | INFO     | icici_breeze_backend.app.services.processor | Extracted 5 items to /Users/amitmhatre/Documents/GitHub/ICICI-Breeze-Modern/backend/data/
2026-03-20 23:34:19 | INFO     | icici_breeze_backend.app.services.processor | Loaded quantity limits rows into raw_limits_data (222 rows)
2026-03-20 23:34:19 | INFO     | icici_breeze_backend.app.services.processor | Loading scrip master from /Users/amitmhatre/Documents/GitHub/ICICI-Breeze-Modern/backend/data/FONSEScripMaster.txt
2026-03-20 23:34:20 | INFO     | icici_breeze_backend.app.services.processor | Loaded raw_scrip_data from CSV (104783 rows)
2026-03-20 23:34:20 | INFO     | icici_breeze_backend.app.services.processor | Inserted filtered data into scrip_master
2026-03-20 23:34:20 | INFO     | icici_breeze_backend.app.services.processor | Scrip master load completed successfully
2026-03-20 23:34:20 | INFO     | icici_breeze_backend.app.services.processor | Loading scrip master from /Users/amitmhatre/Documents/GitHub/ICICI-Breeze-Modern/backend/data/FOBSEScripMaster.txt
2026-03-20 23:34:20 | INFO     | icici_breeze_backend.app.services.processor | Loaded raw_scrip_data from CSV (6304 rows)
2026-03-20 23:34:20 | INFO     | icici_breeze_backend.app.services.processor | Inserted filtered data into scrip_master
2026-03-20 23:34:20 | INFO     | icici_breeze_backend.app.services.processor | Scrip master load completed successfully
2026-03-20 23:34:32 | INFO     | main | JWT_SECRET loaded (length=43). Login and credential decryption will use it.
2026-03-20 23:34:32 | INFO     | icici_breeze_backend.app.services.processor | Downloading ICICI master from https://directlink.icicidirect.com/NewSecurityMaster/SecurityMaster.zip
2026-03-20 23:34:38 | INFO     | icici_breeze_backend.app.services.processor | ICICI master download completed
2026-03-20 23:34:38 | INFO     | icici_breeze_backend.app.services.processor | Extracted 5 items to /Users/amitmhatre/Documents/GitHub/ICICI-Breeze-Modern/backend/data/
2026-03-20 23:34:38 | INFO     | icici_breeze_backend.app.services.processor | Loaded quantity limits rows into raw_limits_data (222 rows)
2026-03-20 23:34:38 | INFO     | icici_breeze_backend.app.services.processor | Loading scrip master from /Users/amitmhatre/Documents/GitHub/ICICI-Breeze-Modern/backend/data/FONSEScripMaster.txt
2026-03-20 23:34:39 | INFO     | icici_breeze_backend.app.services.processor | Loaded raw_scrip_data from CSV (104783 rows)
2026-03-20 23:34:39 | INFO     | icici_breeze_backend.app.services.processor | Inserted filtered data into scrip_master
2026-03-20 23:34:39 | INFO     | icici_breeze_backend.app.services.processor | Scrip master load completed successfully
2026-03-20 23:34:39 | INFO     | icici_breeze_backend.app.services.processor | Loading scrip master from /Users/amitmhatre/Documents/GitHub/ICICI-Breeze-Modern/backend/data/FOBSEScripMaster.txt
2026-03-20 23:34:39 | INFO     | icici_breeze_backend.app.services.processor | Loaded raw_scrip_data from CSV (6304 rows)
2026-03-20 23:34:39 | INFO     | icici_breeze_backend.app.services.processor | Inserted filtered data into scrip_master
2026-03-20 23:34:39 | INFO     | icici_breeze_backend.app.services.processor | Scrip master load completed successfully
2026-03-20 23:34:39 | INFO     | app.middleware | Incoming request POST / user_id=testclient
2026-03-20 23:34:39 | INFO     | httpx | HTTP Request: POST http://testserver/?apisession=testtoken123 "HTTP/1.1 303 See Other"
2026-03-20 23:34:39 | INFO     | app.middleware | Incoming request OPTIONS /auth/session user_id=testclient
2026-03-20 23:34:39 | INFO     | httpx | HTTP Request: OPTIONS http://testserver/auth/session "HTTP/1.1 400 Bad Request"
2026-03-20 23:34:52 | INFO     | main | JWT_SECRET loaded (length=43). Login and credential decryption will use it.
2026-03-20 23:34:52 | INFO     | icici_breeze_backend.app.services.processor | Downloading ICICI master from https://directlink.icicidirect.com/NewSecurityMaster/SecurityMaster.zip
2026-03-20 23:35:00 | INFO     | icici_breeze_backend.app.services.processor | ICICI master download completed
2026-03-20 23:35:00 | INFO     | icici_breeze_backend.app.services.processor | Extracted 5 items to /Users/amitmhatre/Documents/GitHub/ICICI-Breeze-Modern/backend/data/
2026-03-20 23:35:00 | INFO     | icici_breeze_backend.app.services.processor | Loaded quantity limits rows into raw_limits_data (222 rows)
2026-03-20 23:35:00 | INFO     | icici_breeze_backend.app.services.processor | Loading scrip master from /Users/amitmhatre/Documents/GitHub/ICICI-Breeze-Modern/backend/data/FONSEScripMaster.txt
2026-03-20 23:35:01 | INFO     | icici_breeze_backend.app.services.processor | Loaded raw_scrip_data from CSV (104783 rows)
2026-03-20 23:35:01 | INFO     | icici_breeze_backend.app.services.processor | Inserted filtered data into scrip_master
2026-03-20 23:35:01 | INFO     | icici_breeze_backend.app.services.processor | Scrip master load completed successfully
2026-03-20 23:35:01 | INFO     | icici_breeze_backend.app.services.processor | Loading scrip master from /Users/amitmhatre/Documents/GitHub/ICICI-Breeze-Modern/backend/data/FOBSEScripMaster.txt
2026-03-20 23:35:01 | INFO     | icici_breeze_backend.app.services.processor | Loaded raw_scrip_data from CSV (6304 rows)
2026-03-20 23:35:01 | INFO     | icici_breeze_backend.app.services.processor | Inserted filtered data into scrip_master
2026-03-20 23:35:01 | INFO     | icici_breeze_backend.app.services.processor | Scrip master load completed successfully
2026-03-20 23:35:24 | INFO     | main | JWT_SECRET loaded (length=43). Login and credential decryption will use it.
2026-03-20 23:35:24 | INFO     | icici_breeze_backend.app.services.processor | Downloading ICICI master from https://directlink.icicidirect.com/NewSecurityMaster/SecurityMaster.zip
2026-03-20 23:35:30 | INFO     | icici_breeze_backend.app.services.processor | ICICI master download completed
2026-03-20 23:35:30 | INFO     | icici_breeze_backend.app.services.processor | Extracted 5 items to /Users/amitmhatre/Documents/GitHub/ICICI-Breeze-Modern/backend/data/
2026-03-20 23:35:30 | INFO     | icici_breeze_backend.app.services.processor | Loaded quantity limits rows into raw_limits_data (222 rows)
2026-03-20 23:35:30 | INFO     | icici_breeze_backend.app.services.processor | Loading scrip master from /Users/amitmhatre/Documents/GitHub/ICICI-Breeze-Modern/backend/data/FONSEScripMaster.txt
2026-03-20 23:35:31 | INFO     | icici_breeze_backend.app.services.processor | Loaded raw_scrip_data from CSV (104783 rows)
2026-03-20 23:35:31 | INFO     | icici_breeze_backend.app.services.processor | Inserted filtered data into scrip_master
2026-03-20 23:35:31 | INFO     | icici_breeze_backend.app.services.processor | Scrip master load completed successfully
2026-03-20 23:35:31 | INFO     | icici_breeze_backend.app.services.processor | Loading scrip master from /Users/amitmhatre/Documents/GitHub/ICICI-Breeze-Modern/backend/data/FOBSEScripMaster.txt
2026-03-20 23:35:31 | INFO     | icici_breeze_backend.app.services.processor | Loaded raw_scrip_data from CSV (6304 rows)
2026-03-20 23:35:31 | INFO     | icici_breeze_backend.app.services.processor | Inserted filtered data into scrip_master
2026-03-20 23:35:31 | INFO     | icici_breeze_backend.app.services.processor | Scrip master load completed successfully
2026-03-20 23:35:31 | INFO     | main | JWT_SECRET loaded (length=43). Login and credential decryption will use it.
2026-03-20 23:35:31 | INFO     | main | JWT_SECRET loaded (length=43). Login and credential decryption will use it.
2026-03-20 23:35:31 | INFO     | icici_breeze_backend.app.services.processor | Downloading ICICI master from https://directlink.icicidirect.com/NewSecurityMaster/SecurityMaster.zip
2026-03-20 23:35:31 | INFO     | icici_breeze_backend.app.services.processor | Downloading ICICI master from https://directlink.icicidirect.com/NewSecurityMaster/SecurityMaster.zip
2026-03-20 23:35:36 | INFO     | icici_breeze_backend.app.services.processor | ICICI master download completed
2026-03-20 23:35:36 | INFO     | icici_breeze_backend.app.services.processor | ICICI master download completed
2026-03-20 23:35:36 | INFO     | icici_breeze_backend.app.services.processor | Extracted 5 items to /Users/amitmhatre/Documents/GitHub/ICICI-Breeze-Modern/backend/data/
2026-03-20 23:35:36 | INFO     | icici_breeze_backend.app.services.processor | Extracted 5 items to /Users/amitmhatre/Documents/GitHub/ICICI-Breeze-Modern/backend/data/
2026-03-20 23:35:36 | INFO     | icici_breeze_backend.app.services.processor | Loaded quantity limits rows into raw_limits_data (222 rows)
2026-03-20 23:35:36 | INFO     | icici_breeze_backend.app.services.processor | Loaded quantity limits rows into raw_limits_data (222 rows)
2026-03-20 23:35:36 | INFO     | icici_breeze_backend.app.services.processor | Loading scrip master from /Users/amitmhatre/Documents/GitHub/ICICI-Breeze-Modern/backend/data/FONSEScripMaster.txt
2026-03-20 23:35:36 | INFO     | icici_breeze_backend.app.services.processor | Loading scrip master from /Users/amitmhatre/Documents/GitHub/ICICI-Breeze-Modern/backend/data/FONSEScripMaster.txt
2026-03-20 23:35:37 | INFO     | icici_breeze_backend.app.services.processor | Loaded raw_scrip_data from CSV (104783 rows)
2026-03-20 23:35:37 | INFO     | icici_breeze_backend.app.services.processor | Loaded raw_scrip_data from CSV (104783 rows)
2026-03-20 23:35:37 | INFO     | icici_breeze_backend.app.services.processor | Inserted filtered data into scrip_master
2026-03-20 23:35:37 | INFO     | icici_breeze_backend.app.services.processor | Inserted filtered data into scrip_master
2026-03-20 23:35:37 | INFO     | icici_breeze_backend.app.services.processor | Scrip master load completed successfully
2026-03-20 23:35:37 | INFO     | icici_breeze_backend.app.services.processor | Scrip master load completed successfully
2026-03-20 23:35:37 | INFO     | icici_breeze_backend.app.services.processor | Loading scrip master from /Users/amitmhatre/Documents/GitHub/ICICI-Breeze-Modern/backend/data/FOBSEScripMaster.txt
2026-03-20 23:35:37 | INFO     | icici_breeze_backend.app.services.processor | Loading scrip master from /Users/amitmhatre/Documents/GitHub/ICICI-Breeze-Modern/backend/data/FOBSEScripMaster.txt
2026-03-20 23:35:37 | INFO     | icici_breeze_backend.app.services.processor | Loaded raw_scrip_data from CSV (6304 rows)
2026-03-20 23:35:37 | INFO     | icici_breeze_backend.app.services.processor | Loaded raw_scrip_data from CSV (6304 rows)
2026-03-20 23:35:37 | INFO     | icici_breeze_backend.app.services.processor | Inserted filtered data into scrip_master
2026-03-20 23:35:37 | INFO     | icici_breeze_backend.app.services.processor | Inserted filtered data into scrip_master
2026-03-20 23:35:37 | INFO     | icici_breeze_backend.app.services.processor | Scrip master load completed successfully
2026-03-20 23:35:37 | INFO     | icici_breeze_backend.app.services.processor | Scrip master load completed successfully
2026-03-20 23:35:37 | INFO     | app.middleware | Incoming request OPTIONS /auth/session user_id=testclient
2026-03-20 23:35:37 | INFO     | app.middleware | Incoming request OPTIONS /auth/session user_id=testclient
2026-03-20 23:35:37 | INFO     | httpx | HTTP Request: OPTIONS http://testserver/auth/session "HTTP/1.1 200 OK"
2026-03-20 23:35:37 | INFO     | httpx | HTTP Request: OPTIONS http://testserver/auth/session "HTTP/1.1 200 OK"
2026-03-20 23:52:32 | INFO     | app.middleware | Incoming request GET /auth/session user_id=127.0.0.1
2026-03-20 23:54:22 | INFO     | app.middleware | Incoming request GET /auth/google user_id=127.0.0.1
2026-03-20 23:54:26 | INFO     | httpx | HTTP Request: POST https://oauth2.googleapis.com/token "HTTP/1.1 200 OK"
2026-03-20 23:54:26 | INFO     | app.middleware | Incoming request GET /auth/google/callback user_id=127.0.0.1
2026-03-20 23:54:26 | INFO     | app.middleware | Incoming request GET /auth/icici-redirect user_id=127.0.0.1
2026-03-20 23:54:53 | INFO     | app.middleware | Incoming request POST /icici-return user_id=127.0.0.1
2026-03-20 23:54:53 | INFO     | app.middleware | Incoming request GET /auth/challenge-context user_id=127.0.0.1
2026-03-20 23:55:02 | INFO     | icici_breeze_backend.app.api.v1.home | login_submit user_id=APAM9HcH apisession_present=True secret_fragment_present=True
2026-03-20 23:55:18 | INFO     | httpx | HTTP Request: GET https://api.icicidirect.com/breezeapi/api/v1/customerdetails "HTTP/1.1 200 OK"
2026-03-20 23:55:19 | INFO     | httpx | HTTP Request: GET https://api.icicidirect.com/breezeapi/api/v1/margin "HTTP/1.1 200 OK"
2026-03-20 23:55:19 | INFO     | icici_breeze_backend.app.api.v1.home | login_submit success user_id=APAM9HcH
2026-03-20 23:55:19 | INFO     | app.middleware | Incoming request POST /auth/icici-session user_id=127.0.0.1
2026-03-20 23:55:38 | INFO     | icici_breeze_backend.app.services.processor | get_session_breeze: session created for user_id=APAM9HcH
2026-03-20 23:55:38 | INFO     | icici_breeze_backend.core.icici_client | Fetching portfolio for user APAM9HcH
2026-03-20 23:55:41 | INFO     | app.middleware | Incoming request GET /home/data user_id=APAM9HcH
2026-03-20 23:55:41 | INFO     | app.middleware | Incoming request GET /portfolio/data user_id=APAM9HcH
2026-03-20 23:55:41 | INFO     | app.middleware | Incoming request GET /dashboard/vix user_id=APAM9HcH
2026-03-20 23:55:41 | INFO     | app.middleware | Incoming request GET /dashboard/vix/options user_id=APAM9HcH
2026-03-20 23:57:49 | INFO     | icici_breeze_backend.core.icici_client | Fetching portfolio for user APAM9HcH
2026-03-20 23:57:51 | INFO     | app.middleware | Incoming request GET /home/data user_id=APAM9HcH
2026-03-20 23:57:51 | INFO     | app.middleware | Incoming request GET /portfolio/data user_id=APAM9HcH
2026-03-20 23:57:51 | INFO     | app.middleware | Incoming request GET /dashboard/vix user_id=APAM9HcH
2026-03-20 23:57:51 | INFO     | app.middleware | Incoming request GET /dashboard/vix/options user_id=APAM9HcH
2026-03-21 00:07:46 | WARNING  | main | HTTP error: status=401 path=/home/data detail=ICICI broker token missing; re-login required correlation_id=7b1c467a-0568-48d2-b302-4667fcb43e30
2026-03-21 00:07:46 | WARNING  | main | HTTP error: status=401 path=/portfolio/data detail=ICICI broker token missing; re-login required correlation_id=a2b1493a-f30d-4ae5-89c0-00709205b2d5
2026-03-21 00:07:46 | WARNING  | main | HTTP error: status=401 path=/dashboard/vix detail=ICICI broker token missing; re-login required correlation_id=22e92d11-aab7-42da-854f-37525956c268
2026-03-21 00:07:46 | WARNING  | main | HTTP error: status=401 path=/dashboard/vix/options detail=ICICI broker token missing; re-login required correlation_id=aafd13c1-0430-4853-ae64-18536fb03c96
2026-03-21 00:07:46 | INFO     | app.middleware | Incoming request GET /home/data user_id=APAM9HcH
2026-03-21 00:07:46 | INFO     | app.middleware | Incoming request GET /portfolio/data user_id=APAM9HcH
2026-03-21 00:07:46 | INFO     | app.middleware | Incoming request GET /dashboard/vix user_id=APAM9HcH
2026-03-21 00:07:46 | INFO     | app.middleware | Incoming request GET /dashboard/vix/options user_id=APAM9HcH
2026-03-21 00:07:47 | WARNING  | main | HTTP error: status=401 path=/home/data detail=ICICI broker token missing; re-login required correlation_id=92596a79-de4f-4726-8c75-834a2ef5d07a
2026-03-21 00:07:47 | WARNING  | main | HTTP error: status=401 path=/portfolio/data detail=ICICI broker token missing; re-login required correlation_id=a44664e5-3d89-4abb-98a5-dae49813a958
2026-03-21 00:07:47 | WARNING  | main | HTTP error: status=401 path=/dashboard/vix detail=ICICI broker token missing; re-login required correlation_id=a8745090-7320-425e-bb1b-8cf3622070e0
2026-03-21 00:07:47 | INFO     | app.middleware | Incoming request GET /home/data user_id=APAM9HcH
2026-03-21 00:07:47 | INFO     | app.middleware | Incoming request GET /portfolio/data user_id=APAM9HcH
2026-03-21 00:07:47 | INFO     | app.middleware | Incoming request GET /dashboard/vix user_id=APAM9HcH
2026-03-21 00:07:49 | WARNING  | main | HTTP error: status=401 path=/home/data detail=ICICI broker token missing; re-login required correlation_id=7f736977-ad50-42c9-a1d1-b553329107cd
2026-03-21 00:07:49 | INFO     | app.middleware | Incoming request GET /home/data user_id=APAM9HcH
2026-03-21 00:07:49 | WARNING  | main | HTTP error: status=401 path=/portfolio/data detail=ICICI broker token missing; re-login required correlation_id=04c2ef26-7a04-4768-9f00-f7794eff44da
2026-03-21 00:07:49 | WARNING  | main | HTTP error: status=401 path=/dashboard/vix detail=ICICI broker token missing; re-login required correlation_id=ae08fa01-6475-4b96-91b8-615b15e082aa
2026-03-21 00:07:49 | INFO     | app.middleware | Incoming request GET /portfolio/data user_id=APAM9HcH
2026-03-21 00:07:49 | INFO     | app.middleware | Incoming request GET /dashboard/vix user_id=APAM9HcH
2026-03-21 00:07:53 | WARNING  | main | HTTP error: status=401 path=/dashboard/vix/options detail=ICICI broker token missing; re-login required correlation_id=da34f06e-71f2-4d65-8ee0-21496aa184ad
2026-03-21 00:07:53 | INFO     | app.middleware | Incoming request GET /dashboard/vix/options user_id=APAM9HcH
2026-03-21 00:07:53 | WARNING  | main | HTTP error: status=401 path=/home/data detail=ICICI broker token missing; re-login required correlation_id=72d81f16-06e7-4e01-a126-5397ada869db
2026-03-21 00:07:53 | WARNING  | main | HTTP error: status=401 path=/portfolio/data detail=ICICI broker token missing; re-login required correlation_id=15799d53-e918-4ff3-a253-757e8e947b01
2026-03-21 00:07:53 | INFO     | app.middleware | Incoming request GET /home/data user_id=APAM9HcH
2026-03-21 00:07:53 | INFO     | app.middleware | Incoming request GET /portfolio/data user_id=APAM9HcH
2026-03-21 00:07:53 | WARNING  | main | HTTP error: status=401 path=/dashboard/vix detail=ICICI broker token missing; re-login required correlation_id=c340b898-18e9-4330-9f50-3289a8e56298
2026-03-21 00:07:53 | INFO     | app.middleware | Incoming request GET /dashboard/vix user_id=APAM9HcH
2026-03-21 00:07:59 | WARNING  | main | HTTP error: status=401 path=/home/data detail=ICICI broker token missing; re-login required correlation_id=7f0a34db-da67-48fc-a567-3e5ffbd29810
2026-03-21 00:07:59 | WARNING  | main | HTTP error: status=401 path=/portfolio/data detail=ICICI broker token missing; re-login required correlation_id=a8e63b95-a7dd-4338-8144-245afd3f9242
2026-03-21 00:07:59 | WARNING  | main | HTTP error: status=401 path=/dashboard/vix detail=ICICI broker token missing; re-login required correlation_id=056e3d6e-ee83-4216-a175-755fc29cc023
2026-03-21 00:07:59 | WARNING  | main | HTTP error: status=401 path=/dashboard/vix/options detail=ICICI broker token missing; re-login required correlation_id=ca947e30-7eac-4515-b658-ffdc11f1b958
2026-03-21 00:07:59 | INFO     | app.middleware | Incoming request GET /home/data user_id=APAM9HcH
2026-03-21 00:07:59 | INFO     | app.middleware | Incoming request GET /portfolio/data user_id=APAM9HcH
2026-03-21 00:07:59 | INFO     | app.middleware | Incoming request GET /dashboard/vix user_id=APAM9HcH
2026-03-21 00:07:59 | INFO     | app.middleware | Incoming request GET /dashboard/vix/options user_id=APAM9HcH
2026-03-21 00:08:00 | WARNING  | main | HTTP error: status=401 path=/home/data detail=ICICI broker token missing; re-login required correlation_id=23a9d784-8569-4246-89e3-66096a7b358d
2026-03-21 00:08:00 | WARNING  | main | HTTP error: status=401 path=/portfolio/data detail=ICICI broker token missing; re-login required correlation_id=fd259bbc-ce66-4d42-b085-210cef42e47a
2026-03-21 00:08:00 | WARNING  | main | HTTP error: status=401 path=/dashboard/vix detail=ICICI broker token missing; re-login required correlation_id=0c68bb17-aa1b-4458-85f2-a74115c44b7e
2026-03-21 00:08:00 | INFO     | app.middleware | Incoming request GET /home/data user_id=APAM9HcH
2026-03-21 00:08:00 | INFO     | app.middleware | Incoming request GET /portfolio/data user_id=APAM9HcH
2026-03-21 00:08:00 | INFO     | app.middleware | Incoming request GET /dashboard/vix user_id=APAM9HcH
2026-03-21 00:08:02 | WARNING  | main | HTTP error: status=401 path=/home/data detail=ICICI broker token missing; re-login required correlation_id=3c3ba95a-4ce5-4be0-819a-e3fa64017e7d
2026-03-21 00:08:02 | INFO     | app.middleware | Incoming request GET /home/data user_id=APAM9HcH
2026-03-21 00:08:02 | WARNING  | main | HTTP error: status=401 path=/portfolio/data detail=ICICI broker token missing; re-login required correlation_id=723d5e51-d8d1-4a49-8558-f2dc36a2de60
2026-03-21 00:08:02 | WARNING  | main | HTTP error: status=401 path=/dashboard/vix detail=ICICI broker token missing; re-login required correlation_id=811421fb-3918-422b-9dfd-7690915b5ee9
2026-03-21 00:08:02 | INFO     | app.middleware | Incoming request GET /portfolio/data user_id=APAM9HcH
2026-03-21 00:08:02 | INFO     | app.middleware | Incoming request GET /dashboard/vix user_id=APAM9HcH
2026-03-21 00:08:06 | WARNING  | main | HTTP error: status=401 path=/home/data detail=ICICI broker token missing; re-login required correlation_id=feeb0f07-35e5-4786-bef1-d1d6c228806c
2026-03-21 00:08:06 | INFO     | app.middleware | Incoming request GET /home/data user_id=APAM9HcH
2026-03-21 00:08:06 | WARNING  | main | HTTP error: status=401 path=/portfolio/data detail=ICICI broker token missing; re-login required correlation_id=89a3d879-8cd8-4cf1-ad8b-c0f18655e7e2
2026-03-21 00:08:06 | WARNING  | main | HTTP error: status=401 path=/dashboard/vix detail=ICICI broker token missing; re-login required correlation_id=0e8a797b-dc6c-442d-a6c6-f9195e5ba828
2026-03-21 00:08:06 | INFO     | app.middleware | Incoming request GET /portfolio/data user_id=APAM9HcH
2026-03-21 00:08:06 | INFO     | app.middleware | Incoming request GET /dashboard/vix user_id=APAM9HcH
2026-03-21 00:08:10 | INFO     | app.middleware | Incoming request POST /auth/logout user_id=APAM9HcH
2026-03-21 00:08:10 | INFO     | app.middleware | Incoming request POST /auth/logout user_id=APAM9HcH
2026-03-21 00:08:11 | INFO     | app.middleware | Incoming request GET /auth/google user_id=127.0.0.1
2026-03-21 00:08:15 | INFO     | httpx | HTTP Request: POST https://oauth2.googleapis.com/token "HTTP/1.1 200 OK"
2026-03-21 00:08:15 | INFO     | app.middleware | Incoming request GET /auth/google/callback user_id=127.0.0.1
2026-03-21 00:08:15 | INFO     | app.middleware | Incoming request GET /auth/icici-redirect user_id=127.0.0.1
2026-03-21 00:08:56 | INFO     | app.middleware | Incoming request POST /icici-return user_id=127.0.0.1
2026-03-21 00:08:56 | INFO     | app.middleware | Incoming request GET /auth/challenge-context user_id=127.0.0.1
2026-03-21 00:09:01 | INFO     | icici_breeze_backend.app.api.v1.home | login_submit user_id=APAM9HcH apisession_present=True secret_fragment_present=True
2026-03-21 00:09:19 | INFO     | httpx | HTTP Request: GET https://api.icicidirect.com/breezeapi/api/v1/customerdetails "HTTP/1.1 200 OK"
2026-03-21 00:09:20 | INFO     | httpx | HTTP Request: GET https://api.icicidirect.com/breezeapi/api/v1/margin "HTTP/1.1 200 OK"
2026-03-21 00:09:20 | INFO     | icici_breeze_backend.app.api.v1.home | login_submit success user_id=APAM9HcH
2026-03-21 00:09:20 | INFO     | app.middleware | Incoming request POST /auth/icici-session user_id=127.0.0.1
2026-03-21 00:09:38 | INFO     | icici_breeze_backend.app.services.processor | get_session_breeze: session created for user_id=APAM9HcH
2026-03-21 00:09:38 | INFO     | icici_breeze_backend.core.icici_client | Fetching portfolio for user APAM9HcH
2026-03-21 00:09:39 | INFO     | app.middleware | Incoming request GET /home/data user_id=APAM9HcH
2026-03-21 00:09:39 | INFO     | app.middleware | Incoming request GET /portfolio/data user_id=APAM9HcH
2026-03-21 00:09:39 | INFO     | app.middleware | Incoming request GET /dashboard/vix user_id=APAM9HcH
2026-03-21 00:09:39 | INFO     | app.middleware | Incoming request GET /dashboard/vix/options user_id=APAM9HcH
2026-03-21 00:12:29 | INFO     | icici_breeze_backend.core.icici_client | Fetching portfolio for user APAM9HcH
2026-03-21 00:12:29 | INFO     | app.middleware | Incoming request GET /home/data user_id=APAM9HcH
2026-03-21 00:12:29 | INFO     | app.middleware | Incoming request GET /portfolio/data user_id=APAM9HcH
2026-03-21 00:13:39 | INFO     | icici_breeze_backend.core.icici_client | Fetching portfolio for user APAM9HcH
2026-03-21 00:13:39 | INFO     | app.middleware | Incoming request GET /portfolio/data user_id=APAM9HcH
2026-03-21 00:13:42 | INFO     | icici_breeze_backend.core.icici_client | Fetching portfolio for user APAM9HcH
2026-03-21 00:13:42 | INFO     | app.middleware | Incoming request GET /portfolio/data user_id=APAM9HcH
2026-03-21 00:15:58 | INFO     | main | JWT_SECRET loaded (length=43). Login and credential decryption will use it.
2026-03-21 00:15:58 | INFO     | icici_breeze_backend.app.services.processor | Downloading ICICI master from https://directlink.icicidirect.com/NewSecurityMaster/SecurityMaster.zip
2026-03-21 00:16:04 | INFO     | icici_breeze_backend.app.services.processor | ICICI master download completed
2026-03-21 00:16:04 | INFO     | icici_breeze_backend.app.services.processor | Extracted 5 items to /Users/amitmhatre/Documents/GitHub/ICICI-Breeze-Modern/backend/data/
2026-03-21 00:16:04 | INFO     | icici_breeze_backend.app.services.processor | Loaded quantity limits rows into raw_limits_data (222 rows)
2026-03-21 00:16:04 | INFO     | icici_breeze_backend.app.services.processor | Loading scrip master from /Users/amitmhatre/Documents/GitHub/ICICI-Breeze-Modern/backend/data/FONSEScripMaster.txt
2026-03-21 00:16:05 | INFO     | icici_breeze_backend.app.services.processor | Loaded raw_scrip_data from CSV (104783 rows)
2026-03-21 00:16:05 | INFO     | icici_breeze_backend.app.services.processor | Inserted filtered data into scrip_master
2026-03-21 00:16:05 | INFO     | icici_breeze_backend.app.services.processor | Scrip master load completed successfully
2026-03-21 00:16:05 | INFO     | icici_breeze_backend.app.services.processor | Loading scrip master from /Users/amitmhatre/Documents/GitHub/ICICI-Breeze-Modern/backend/data/FOBSEScripMaster.txt
2026-03-21 00:16:06 | INFO     | icici_breeze_backend.app.services.processor | Loaded raw_scrip_data from CSV (6304 rows)
2026-03-21 00:16:06 | INFO     | icici_breeze_backend.app.services.processor | Inserted filtered data into scrip_master
2026-03-21 00:16:06 | INFO     | icici_breeze_backend.app.services.processor | Scrip master load completed successfully
2026-03-21 00:16:06 | INFO     | app.middleware | Incoming request GET /health user_id=127.0.0.1
2026-03-21 00:16:28 | INFO     | icici_breeze_backend.app.services.processor | get_session_breeze: session created for user_id=APAM9HcH
2026-03-21 00:16:28 | INFO     | icici_breeze_backend.core.icici_client | Fetching portfolio for user APAM9HcH
2026-03-21 00:16:28 | INFO     | app.middleware | Incoming request GET /home/data user_id=APAM9HcH
2026-03-21 00:16:28 | INFO     | app.middleware | Incoming request GET /portfolio/data user_id=APAM9HcH
2026-03-21 00:16:50 | INFO     | icici_breeze_backend.core.icici_client | Fetching portfolio for user APAM9HcH
2026-03-21 00:16:51 | INFO     | app.middleware | Incoming request GET /home/data user_id=APAM9HcH
2026-03-21 00:16:51 | INFO     | app.middleware | Incoming request GET /portfolio/data user_id=APAM9HcH
2026-03-21 00:16:52 | INFO     | icici_breeze_backend.core.icici_client | Fetching portfolio for user APAM9HcH
2026-03-21 00:16:53 | INFO     | app.middleware | Incoming request GET /home/data user_id=APAM9HcH
2026-03-21 00:16:53 | INFO     | app.middleware | Incoming request GET /portfolio/data user_id=APAM9HcH
2026-03-21 00:24:10 | INFO     | main | JWT_SECRET loaded (length=43). Login and credential decryption will use it.
2026-03-21 00:24:10 | INFO     | icici_breeze_backend.app.services.processor | Downloading ICICI master from https://directlink.icicidirect.com/NewSecurityMaster/SecurityMaster.zip
2026-03-21 00:24:15 | INFO     | icici_breeze_backend.app.services.processor | ICICI master download completed
2026-03-21 00:24:16 | INFO     | icici_breeze_backend.app.services.processor | Extracted 5 items to /Users/amitmhatre/Documents/GitHub/ICICI-Breeze-Modern/backend/data/
2026-03-21 00:24:16 | INFO     | icici_breeze_backend.app.services.processor | Loaded quantity limits rows into raw_limits_data (222 rows)
2026-03-21 00:24:16 | INFO     | icici_breeze_backend.app.services.processor | Loading scrip master from /Users/amitmhatre/Documents/GitHub/ICICI-Breeze-Modern/backend/data/FONSEScripMaster.txt
2026-03-21 00:24:16 | INFO     | icici_breeze_backend.app.services.processor | Loaded raw_scrip_data from CSV (104783 rows)
2026-03-21 00:24:16 | INFO     | icici_breeze_backend.app.services.processor | Inserted filtered data into scrip_master
2026-03-21 00:24:16 | INFO     | icici_breeze_backend.app.services.processor | Scrip master load completed successfully
2026-03-21 00:24:16 | INFO     | icici_breeze_backend.app.services.processor | Loading scrip master from /Users/amitmhatre/Documents/GitHub/ICICI-Breeze-Modern/backend/data/FOBSEScripMaster.txt
2026-03-21 00:24:17 | INFO     | icici_breeze_backend.app.services.processor | Loaded raw_scrip_data from CSV (6304 rows)
2026-03-21 00:24:17 | INFO     | icici_breeze_backend.app.services.processor | Inserted filtered data into scrip_master
2026-03-21 00:24:17 | INFO     | icici_breeze_backend.app.services.processor | Scrip master load completed successfully
2026-03-21 00:24:17 | INFO     | app.middleware | Incoming request GET /health user_id=127.0.0.1
2026-03-21 00:24:37 | INFO     | icici_breeze_backend.app.services.processor | get_session_breeze: session created for user_id=APAM9HcH
2026-03-21 00:24:37 | INFO     | icici_breeze_backend.core.icici_client | Fetching portfolio for user APAM9HcH
2026-03-21 00:24:37 | INFO     | app.middleware | Incoming request GET /home/data user_id=APAM9HcH
2026-03-21 00:24:37 | INFO     | app.middleware | Incoming request GET /portfolio/data user_id=APAM9HcH
2026-03-21 00:30:02 | INFO     | icici_breeze_backend.core.icici_client | Fetching portfolio for user APAM9HcH
2026-03-21 00:30:03 | INFO     | app.middleware | Incoming request GET /portfolio/data user_id=APAM9HcH
2026-03-21 00:30:03 | INFO     | app.middleware | Incoming request GET /home/data user_id=APAM9HcH
2026-03-21 00:30:14 | INFO     | app.middleware | Incoming request GET /dashboard/vix user_id=APAM9HcH
2026-03-21 00:30:14 | INFO     | app.middleware | Incoming request GET /dashboard/vix/options user_id=APAM9HcH
2026-03-21 00:30:17 | INFO     | icici_breeze_backend.core.icici_client | Fetching portfolio for user APAM9HcH
2026-03-21 00:30:18 | INFO     | app.middleware | Incoming request GET /portfolio/data user_id=APAM9HcH
2026-03-21 00:32:24 | INFO     | icici_breeze_backend.core.icici_client | Fetching portfolio for user APAM9HcH
2026-03-21 00:32:24 | INFO     | app.middleware | Incoming request GET /portfolio/data user_id=APAM9HcH
2026-03-21 00:32:26 | INFO     | icici_breeze_backend.core.icici_client | Fetching portfolio for user APAM9HcH
2026-03-21 00:32:26 | INFO     | app.middleware | Incoming request GET /portfolio/data user_id=APAM9HcH
2026-03-21 00:33:27 | INFO     | icici_breeze_backend.core.icici_client | Fetching portfolio for user APAM9HcH
2026-03-21 00:33:27 | INFO     | app.middleware | Incoming request GET /portfolio/data user_id=APAM9HcH
2026-03-21 00:36:12 | INFO     | icici_breeze_backend.core.icici_client | Fetching portfolio for user APAM9HcH
2026-03-21 00:36:12 | INFO     | app.middleware | Incoming request GET /portfolio/data user_id=APAM9HcH
2026-03-21 00:36:12 | INFO     | app.middleware | Incoming request GET /home/data user_id=APAM9HcH
2026-03-21 00:38:26 | INFO     | icici_breeze_backend.core.icici_client | Fetching portfolio for user APAM9HcH
2026-03-21 00:38:26 | INFO     | app.middleware | Incoming request GET /portfolio/data user_id=APAM9HcH
2026-03-21 00:38:40 | INFO     | icici_breeze_backend.core.icici_client | Fetching portfolio for user APAM9HcH
2026-03-21 00:38:40 | INFO     | app.middleware | Incoming request GET /portfolio/data user_id=APAM9HcH
2026-03-21 00:38:43 | INFO     | icici_breeze_backend.core.icici_client | Fetching portfolio for user APAM9HcH
2026-03-21 00:38:44 | INFO     | app.middleware | Incoming request GET /portfolio/data user_id=APAM9HcH
2026-03-21 00:39:40 | INFO     | main | JWT_SECRET loaded (length=43). Login and credential decryption will use it.
2026-03-21 00:39:40 | INFO     | icici_breeze_backend.app.services.processor | Downloading ICICI master from https://directlink.icicidirect.com/NewSecurityMaster/SecurityMaster.zip
2026-03-21 00:39:45 | INFO     | icici_breeze_backend.app.services.processor | ICICI master download completed
2026-03-21 00:39:45 | INFO     | icici_breeze_backend.app.services.processor | Extracted 5 items to /Users/amitmhatre/Documents/GitHub/ICICI-Breeze-Modern/backend/data/
2026-03-21 00:39:45 | INFO     | icici_breeze_backend.app.services.processor | Loaded quantity limits rows into raw_limits_data (222 rows)
2026-03-21 00:39:45 | INFO     | icici_breeze_backend.app.services.processor | Loading scrip master from /Users/amitmhatre/Documents/GitHub/ICICI-Breeze-Modern/backend/data/FONSEScripMaster.txt
2026-03-21 00:39:46 | INFO     | icici_breeze_backend.app.services.processor | Loaded raw_scrip_data from CSV (104783 rows)
2026-03-21 00:39:46 | INFO     | icici_breeze_backend.app.services.processor | Inserted filtered data into scrip_master
2026-03-21 00:39:46 | INFO     | icici_breeze_backend.app.services.processor | Scrip master load completed successfully
2026-03-21 00:39:46 | INFO     | icici_breeze_backend.app.services.processor | Loading scrip master from /Users/amitmhatre/Documents/GitHub/ICICI-Breeze-Modern/backend/data/FOBSEScripMaster.txt
2026-03-21 00:39:46 | INFO     | icici_breeze_backend.app.services.processor | Loaded raw_scrip_data from CSV (6304 rows)
2026-03-21 00:39:46 | INFO     | icici_breeze_backend.app.services.processor | Inserted filtered data into scrip_master
2026-03-21 00:39:46 | INFO     | icici_breeze_backend.app.services.processor | Scrip master load completed successfully
2026-03-21 00:39:46 | INFO     | app.middleware | Incoming request GET /health user_id=127.0.0.1
2026-03-21 00:40:06 | INFO     | icici_breeze_backend.app.services.processor | get_session_breeze: session created for user_id=APAM9HcH
2026-03-21 00:40:06 | INFO     | httpx | HTTP Request: GET https://api.icicidirect.com/breezeapi/api/v1/customerdetails "HTTP/1.1 200 OK"
2026-03-21 00:40:07 | INFO     | httpx | HTTP Request: GET https://api.icicidirect.com/breezeapi/api/v1/portfoliopositions "HTTP/1.1 200 OK"
2026-03-21 00:40:07 | INFO     | app.middleware | Incoming request GET /home/data user_id=APAM9HcH
2026-03-21 00:40:07 | INFO     | app.middleware | Incoming request GET /portfolio/data user_id=APAM9HcH
2026-03-21 00:43:04 | INFO     | httpx | HTTP Request: GET https://api.icicidirect.com/breezeapi/api/v1/customerdetails "HTTP/1.1 200 OK"
2026-03-21 00:43:04 | INFO     | httpx | HTTP Request: GET https://api.icicidirect.com/breezeapi/api/v1/portfoliopositions "HTTP/1.1 200 OK"
2026-03-21 00:43:05 | INFO     | app.middleware | Incoming request GET /portfolio/data user_id=APAM9HcH
2026-03-21 00:43:05 | INFO     | app.middleware | Incoming request GET /home/data user_id=APAM9HcH
2026-03-21 00:43:10 | INFO     | httpx | HTTP Request: GET https://api.icicidirect.com/breezeapi/api/v1/customerdetails "HTTP/1.1 200 OK"
2026-03-21 00:43:12 | INFO     | httpx | HTTP Request: GET https://api.icicidirect.com/breezeapi/api/v1/portfoliopositions "HTTP/1.1 200 OK"
2026-03-21 00:43:12 | INFO     | app.middleware | Incoming request GET /home/data user_id=APAM9HcH
2026-03-21 00:43:12 | INFO     | app.middleware | Incoming request GET /portfolio/data user_id=APAM9HcH
2026-03-21 00:44:30 | INFO     | httpx | HTTP Request: GET https://api.icicidirect.com/breezeapi/api/v1/customerdetails "HTTP/1.1 200 OK"
2026-03-21 00:44:30 | INFO     | httpx | HTTP Request: GET https://api.icicidirect.com/breezeapi/api/v1/portfoliopositions "HTTP/1.1 200 OK"
2026-03-21 00:44:30 | INFO     | app.middleware | Incoming request GET /portfolio/data user_id=APAM9HcH
2026-03-21 00:46:13 | INFO     | httpx | HTTP Request: GET https://api.icicidirect.com/breezeapi/api/v1/customerdetails "HTTP/1.1 200 OK"
2026-03-21 00:46:13 | INFO     | httpx | HTTP Request: GET https://api.icicidirect.com/breezeapi/api/v1/portfoliopositions "HTTP/1.1 200 OK"
2026-03-21 00:46:13 | INFO     | app.middleware | Incoming request GET /portfolio/data user_id=APAM9HcH
2026-03-21 00:46:41 | INFO     | httpx | HTTP Request: GET https://api.icicidirect.com/breezeapi/api/v1/customerdetails "HTTP/1.1 200 OK"
2026-03-21 00:46:41 | INFO     | httpx | HTTP Request: GET https://api.icicidirect.com/breezeapi/api/v1/portfoliopositions "HTTP/1.1 200 OK"
2026-03-21 00:46:42 | INFO     | app.middleware | Incoming request GET /portfolio/data user_id=APAM9HcH
2026-03-21 00:47:10 | INFO     | httpx | HTTP Request: GET https://api.icicidirect.com/breezeapi/api/v1/customerdetails "HTTP/1.1 200 OK"
2026-03-21 00:47:11 | INFO     | httpx | HTTP Request: GET https://api.icicidirect.com/breezeapi/api/v1/portfoliopositions "HTTP/1.1 200 OK"
2026-03-21 00:47:11 | INFO     | app.middleware | Incoming request GET /portfolio/data user_id=APAM9HcH
2026-03-21 00:56:59 | INFO     | httpx | HTTP Request: GET https://api.icicidirect.com/breezeapi/api/v1/customerdetails "HTTP/1.1 200 OK"
2026-03-21 00:56:59 | INFO     | httpx | HTTP Request: GET https://api.icicidirect.com/breezeapi/api/v1/portfoliopositions "HTTP/1.1 200 OK"
2026-03-21 00:56:59 | INFO     | app.middleware | Incoming request GET /portfolio/data user_id=APAM9HcH
2026-03-21 00:57:19 | INFO     | httpx | HTTP Request: GET https://api.icicidirect.com/breezeapi/api/v1/customerdetails "HTTP/1.1 200 OK"
2026-03-21 00:57:19 | INFO     | httpx | HTTP Request: GET https://api.icicidirect.com/breezeapi/api/v1/portfoliopositions "HTTP/1.1 200 OK"
2026-03-21 00:57:19 | INFO     | app.middleware | Incoming request GET /portfolio/data user_id=APAM9HcH
2026-03-21 00:57:58 | INFO     | httpx | HTTP Request: GET https://api.icicidirect.com/breezeapi/api/v1/customerdetails "HTTP/1.1 200 OK"
2026-03-21 00:57:58 | INFO     | httpx | HTTP Request: GET https://api.icicidirect.com/breezeapi/api/v1/portfoliopositions "HTTP/1.1 200 OK"
2026-03-21 00:57:59 | INFO     | app.middleware | Incoming request GET /portfolio/data user_id=APAM9HcH
2026-03-21 00:57:59 | INFO     | app.middleware | Incoming request GET /home/data user_id=APAM9HcH
2026-03-21 00:59:26 | INFO     | httpx | HTTP Request: GET https://api.icicidirect.com/breezeapi/api/v1/customerdetails "HTTP/1.1 200 OK"
2026-03-21 00:59:26 | INFO     | httpx | HTTP Request: GET https://api.icicidirect.com/breezeapi/api/v1/portfoliopositions "HTTP/1.1 200 OK"
2026-03-21 00:59:27 | INFO     | app.middleware | Incoming request GET /portfolio/data user_id=APAM9HcH
2026-03-21 01:01:30 | INFO     | httpx | HTTP Request: GET https://api.icicidirect.com/breezeapi/api/v1/customerdetails "HTTP/1.1 200 OK"
2026-03-21 01:01:30 | INFO     | httpx | HTTP Request: GET https://api.icicidirect.com/breezeapi/api/v1/portfoliopositions "HTTP/1.1 200 OK"
2026-03-21 01:01:31 | INFO     | app.middleware | Incoming request GET /portfolio/data user_id=APAM9HcH
2026-03-21 01:01:37 | INFO     | httpx | HTTP Request: GET https://api.icicidirect.com/breezeapi/api/v1/customerdetails "HTTP/1.1 200 OK"
2026-03-21 01:01:37 | INFO     | httpx | HTTP Request: GET https://api.icicidirect.com/breezeapi/api/v1/portfoliopositions "HTTP/1.1 200 OK"
2026-03-21 01:01:37 | INFO     | app.middleware | Incoming request GET /portfolio/data user_id=APAM9HcH
2026-03-21 01:02:11 | INFO     | httpx | HTTP Request: GET https://api.icicidirect.com/breezeapi/api/v1/customerdetails "HTTP/1.1 200 OK"
2026-03-21 01:02:11 | INFO     | httpx | HTTP Request: GET https://api.icicidirect.com/breezeapi/api/v1/portfoliopositions "HTTP/1.1 200 OK"
2026-03-21 01:02:12 | INFO     | app.middleware | Incoming request GET /portfolio/data user_id=APAM9HcH
2026-03-21 01:02:12 | INFO     | app.middleware | Incoming request GET /home/data user_id=APAM9HcH
2026-03-21 01:04:29 | INFO     | httpx | HTTP Request: GET https://api.icicidirect.com/breezeapi/api/v1/customerdetails "HTTP/1.1 200 OK"
2026-03-21 01:04:29 | INFO     | httpx | HTTP Request: GET https://api.icicidirect.com/breezeapi/api/v1/portfoliopositions "HTTP/1.1 200 OK"
2026-03-21 01:04:30 | INFO     | app.middleware | Incoming request GET /portfolio/data user_id=APAM9HcH
2026-03-21 01:04:36 | INFO     | httpx | HTTP Request: GET https://api.icicidirect.com/breezeapi/api/v1/customerdetails "HTTP/1.1 200 OK"
2026-03-21 01:04:36 | INFO     | httpx | HTTP Request: GET https://api.icicidirect.com/breezeapi/api/v1/portfoliopositions "HTTP/1.1 200 OK"
2026-03-21 01:04:37 | INFO     | app.middleware | Incoming request GET /portfolio/data user_id=APAM9HcH
2026-03-21 01:04:37 | INFO     | httpx | HTTP Request: GET https://api.icicidirect.com/breezeapi/api/v1/customerdetails "HTTP/1.1 200 OK"
2026-03-21 01:04:37 | INFO     | httpx | HTTP Request: GET https://api.icicidirect.com/breezeapi/api/v1/portfoliopositions "HTTP/1.1 200 OK"
2026-03-21 01:04:37 | INFO     | app.middleware | Incoming request GET /portfolio/data user_id=APAM9HcH
2026-03-21 01:04:40 | INFO     | httpx | HTTP Request: GET https://api.icicidirect.com/breezeapi/api/v1/customerdetails "HTTP/1.1 200 OK"
2026-03-21 01:04:40 | INFO     | httpx | HTTP Request: GET https://api.icicidirect.com/breezeapi/api/v1/portfoliopositions "HTTP/1.1 200 OK"
2026-03-21 01:04:40 | INFO     | app.middleware | Incoming request GET /portfolio/data user_id=APAM9HcH
2026-03-21 01:04:42 | INFO     | httpx | HTTP Request: GET https://api.icicidirect.com/breezeapi/api/v1/customerdetails "HTTP/1.1 200 OK"
2026-03-21 01:04:42 | INFO     | httpx | HTTP Request: GET https://api.icicidirect.com/breezeapi/api/v1/portfoliopositions "HTTP/1.1 200 OK"
2026-03-21 01:04:42 | INFO     | app.middleware | Incoming request GET /portfolio/data user_id=APAM9HcH
2026-03-21 01:04:56 | INFO     | httpx | HTTP Request: GET https://api.icicidirect.com/breezeapi/api/v1/customerdetails "HTTP/1.1 200 OK"
2026-03-21 01:04:56 | INFO     | httpx | HTTP Request: GET https://api.icicidirect.com/breezeapi/api/v1/portfoliopositions "HTTP/1.1 200 OK"
2026-03-21 01:04:57 | INFO     | app.middleware | Incoming request GET /portfolio/data user_id=APAM9HcH
2026-03-21 01:10:23 | INFO     | httpx | HTTP Request: GET https://api.icicidirect.com/breezeapi/api/v1/customerdetails "HTTP/1.1 200 OK"
2026-03-21 01:10:24 | INFO     | httpx | HTTP Request: GET https://api.icicidirect.com/breezeapi/api/v1/portfoliopositions "HTTP/1.1 200 OK"
2026-03-21 01:10:24 | INFO     | app.middleware | Incoming request GET /portfolio/data user_id=APAM9HcH
2026-03-21 01:10:24 | INFO     | app.middleware | Incoming request GET /home/data user_id=APAM9HcH
2026-03-21 01:12:06 | INFO     | app.middleware | Incoming request GET /home/data user_id=APAM9HcH
2026-03-21 01:12:07 | INFO     | httpx | HTTP Request: GET https://api.icicidirect.com/breezeapi/api/v1/customerdetails "HTTP/1.1 200 OK"
2026-03-21 01:12:07 | INFO     | httpx | HTTP Request: GET https://api.icicidirect.com/breezeapi/api/v1/portfoliopositions "HTTP/1.1 200 OK"
2026-03-21 01:12:07 | INFO     | app.middleware | Incoming request GET /portfolio/data user_id=APAM9HcH
2026-03-21 01:12:15 | INFO     | httpx | HTTP Request: GET https://api.icicidirect.com/breezeapi/api/v1/customerdetails "HTTP/1.1 200 OK"
2026-03-21 01:12:15 | INFO     | httpx | HTTP Request: GET https://api.icicidirect.com/breezeapi/api/v1/portfoliopositions "HTTP/1.1 200 OK"
2026-03-21 01:12:16 | INFO     | app.middleware | Incoming request GET /portfolio/data user_id=APAM9HcH
2026-03-21 01:12:17 | INFO     | httpx | HTTP Request: GET https://api.icicidirect.com/breezeapi/api/v1/customerdetails "HTTP/1.1 200 OK"
2026-03-21 01:12:17 | INFO     | httpx | HTTP Request: GET https://api.icicidirect.com/breezeapi/api/v1/portfoliopositions "HTTP/1.1 200 OK"
2026-03-21 01:12:17 | INFO     | app.middleware | Incoming request GET /portfolio/data user_id=APAM9HcH
2026-03-21 01:16:02 | INFO     | httpx | HTTP Request: GET https://api.icicidirect.com/breezeapi/api/v1/customerdetails "HTTP/1.1 200 OK"
2026-03-21 01:16:02 | INFO     | httpx | HTTP Request: GET https://api.icicidirect.com/breezeapi/api/v1/portfoliopositions "HTTP/1.1 200 OK"
2026-03-21 01:16:03 | INFO     | app.middleware | Incoming request GET /portfolio/data user_id=APAM9HcH
2026-03-21 01:16:03 | INFO     | app.middleware | Incoming request GET /home/data user_id=APAM9HcH
2026-03-21 01:18:34 | INFO     | app.middleware | Incoming request GET /home/data user_id=APAM9HcH
2026-03-21 01:18:54 | INFO     | httpx | HTTP Request: GET https://api.icicidirect.com/breezeapi/api/v1/customerdetails "HTTP/1.1 200 OK"
2026-03-21 01:18:55 | INFO     | httpx | HTTP Request: GET https://api.icicidirect.com/breezeapi/api/v1/portfoliopositions "HTTP/1.1 200 OK"
2026-03-21 01:18:56 | INFO     | app.middleware | Incoming request GET /portfolio/data user_id=APAM9HcH
2026-03-21 01:19:10 | INFO     | httpx | HTTP Request: GET https://api.icicidirect.com/breezeapi/api/v1/customerdetails "HTTP/1.1 200 OK"
2026-03-21 01:19:10 | INFO     | httpx | HTTP Request: GET https://api.icicidirect.com/breezeapi/api/v1/portfoliopositions "HTTP/1.1 200 OK"
2026-03-21 01:19:10 | INFO     | app.middleware | Incoming request GET /portfolio/data user_id=APAM9HcH
2026-03-21 01:19:15 | INFO     | httpx | HTTP Request: GET https://api.icicidirect.com/breezeapi/api/v1/customerdetails "HTTP/1.1 200 OK"
2026-03-21 01:19:15 | INFO     | httpx | HTTP Request: GET https://api.icicidirect.com/breezeapi/api/v1/portfoliopositions "HTTP/1.1 200 OK"
2026-03-21 01:19:16 | INFO     | app.middleware | Incoming request GET /portfolio/data user_id=APAM9HcH
2026-03-21 01:23:40 | INFO     | httpx | HTTP Request: GET https://api.icicidirect.com/breezeapi/api/v1/customerdetails "HTTP/1.1 200 OK"
2026-03-21 01:23:41 | INFO     | httpx | HTTP Request: GET https://api.icicidirect.com/breezeapi/api/v1/portfoliopositions "HTTP/1.1 200 OK"
2026-03-21 01:23:41 | INFO     | app.middleware | Incoming request GET /portfolio/data user_id=APAM9HcH
2026-03-21 01:23:41 | INFO     | app.middleware | Incoming request GET /home/data user_id=APAM9HcH
2026-03-21 01:23:49 | INFO     | httpx | HTTP Request: GET https://api.icicidirect.com/breezeapi/api/v1/customerdetails "HTTP/1.1 200 OK"
2026-03-21 01:23:50 | INFO     | httpx | HTTP Request: GET https://api.icicidirect.com/breezeapi/api/v1/portfoliopositions "HTTP/1.1 200 OK"
2026-03-21 01:23:50 | INFO     | app.middleware | Incoming request GET /portfolio/data user_id=APAM9HcH
2026-03-21 01:25:10 | INFO     | httpx | HTTP Request: GET https://api.icicidirect.com/breezeapi/api/v1/customerdetails "HTTP/1.1 200 OK"
2026-03-21 01:25:10 | INFO     | httpx | HTTP Request: GET https://api.icicidirect.com/breezeapi/api/v1/portfoliopositions "HTTP/1.1 200 OK"
2026-03-21 01:25:10 | INFO     | app.middleware | Incoming request GET /portfolio/data user_id=APAM9HcH
2026-03-21 01:25:13 | INFO     | httpx | HTTP Request: GET https://api.icicidirect.com/breezeapi/api/v1/customerdetails "HTTP/1.1 200 OK"
2026-03-21 01:25:13 | INFO     | httpx | HTTP Request: GET https://api.icicidirect.com/breezeapi/api/v1/portfoliopositions "HTTP/1.1 200 OK"
2026-03-21 01:25:13 | INFO     | app.middleware | Incoming request GET /portfolio/data user_id=APAM9HcH
2026-03-21 01:25:29 | INFO     | httpx | HTTP Request: GET https://api.icicidirect.com/breezeapi/api/v1/customerdetails "HTTP/1.1 200 OK"
2026-03-21 01:25:29 | INFO     | httpx | HTTP Request: GET https://api.icicidirect.com/breezeapi/api/v1/portfoliopositions "HTTP/1.1 200 OK"
2026-03-21 01:25:30 | INFO     | app.middleware | Incoming request GET /portfolio/data user_id=APAM9HcH
2026-03-21 01:25:30 | INFO     | httpx | HTTP Request: GET https://api.icicidirect.com/breezeapi/api/v1/customerdetails "HTTP/1.1 200 OK"
2026-03-21 01:25:30 | INFO     | httpx | HTTP Request: GET https://api.icicidirect.com/breezeapi/api/v1/portfoliopositions "HTTP/1.1 200 OK"
2026-03-21 01:25:31 | INFO     | app.middleware | Incoming request GET /portfolio/data user_id=APAM9HcH
2026-03-21 01:30:14 | INFO     | httpx | HTTP Request: GET https://api.icicidirect.com/breezeapi/api/v1/customerdetails "HTTP/1.1 200 OK"
2026-03-21 01:30:14 | INFO     | httpx | HTTP Request: GET https://api.icicidirect.com/breezeapi/api/v1/portfoliopositions "HTTP/1.1 200 OK"
2026-03-21 01:30:15 | INFO     | app.middleware | Incoming request GET /portfolio/data user_id=APAM9HcH
2026-03-21 01:30:15 | INFO     | app.middleware | Incoming request GET /home/data user_id=APAM9HcH
2026-03-21 01:30:32 | INFO     | httpx | HTTP Request: GET https://api.icicidirect.com/breezeapi/api/v1/customerdetails "HTTP/1.1 200 OK"
2026-03-21 01:30:32 | INFO     | httpx | HTTP Request: GET https://api.icicidirect.com/breezeapi/api/v1/portfoliopositions "HTTP/1.1 200 OK"
2026-03-21 01:30:33 | INFO     | app.middleware | Incoming request GET /home/data user_id=APAM9HcH
2026-03-21 01:30:33 | INFO     | app.middleware | Incoming request GET /portfolio/data user_id=APAM9HcH
2026-03-21 01:30:49 | INFO     | main | JWT_SECRET loaded (length=43). Login and credential decryption will use it.
2026-03-21 01:30:49 | INFO     | icici_breeze_backend.app.services.processor | Downloading ICICI master from https://directlink.icicidirect.com/NewSecurityMaster/SecurityMaster.zip
2026-03-21 01:30:55 | INFO     | icici_breeze_backend.app.services.processor | ICICI master download completed
2026-03-21 01:30:55 | INFO     | icici_breeze_backend.app.services.processor | Extracted 5 items to /Users/amitmhatre/Documents/GitHub/ICICI-Breeze-Modern/backend/data/
2026-03-21 01:30:55 | INFO     | icici_breeze_backend.app.services.processor | Loaded quantity limits rows into raw_limits_data (222 rows)
2026-03-21 01:30:55 | INFO     | icici_breeze_backend.app.services.processor | Loading scrip master from /Users/amitmhatre/Documents/GitHub/ICICI-Breeze-Modern/backend/data/FONSEScripMaster.txt
2026-03-21 01:30:56 | INFO     | icici_breeze_backend.app.services.processor | Loaded raw_scrip_data from CSV (104783 rows)
2026-03-21 01:30:56 | INFO     | icici_breeze_backend.app.services.processor | Inserted filtered data into scrip_master
2026-03-21 01:30:56 | INFO     | icici_breeze_backend.app.services.processor | Scrip master load completed successfully
2026-03-21 01:30:56 | INFO     | icici_breeze_backend.app.services.processor | Loading scrip master from /Users/amitmhatre/Documents/GitHub/ICICI-Breeze-Modern/backend/data/FOBSEScripMaster.txt
2026-03-21 01:30:56 | INFO     | icici_breeze_backend.app.services.processor | Loaded raw_scrip_data from CSV (6304 rows)
2026-03-21 01:30:56 | INFO     | icici_breeze_backend.app.services.processor | Inserted filtered data into scrip_master
2026-03-21 01:30:56 | INFO     | icici_breeze_backend.app.services.processor | Scrip master load completed successfully
2026-03-21 01:30:57 | INFO     | app.middleware | Incoming request GET /health user_id=127.0.0.1
2026-03-21 01:35:26 | INFO     | app.middleware | Incoming request GET /auth/session user_id=APAM9HcH
2026-03-21 01:35:46 | INFO     | icici_breeze_backend.app.services.processor | get_session_breeze: session created for user_id=APAM9HcH
2026-03-21 01:35:46 | INFO     | httpx | HTTP Request: GET https://api.icicidirect.com/breezeapi/api/v1/customerdetails "HTTP/1.1 200 OK"
2026-03-21 01:35:46 | INFO     | httpx | HTTP Request: GET https://api.icicidirect.com/breezeapi/api/v1/portfoliopositions "HTTP/1.1 200 OK"
2026-03-21 01:35:47 | INFO     | app.middleware | Incoming request GET /home/data user_id=APAM9HcH
2026-03-21 01:35:47 | INFO     | app.middleware | Incoming request GET /portfolio/data user_id=APAM9HcH
2026-03-21 01:35:47 | INFO     | app.middleware | Incoming request GET /dashboard/vix user_id=APAM9HcH
2026-03-21 01:35:47 | INFO     | app.middleware | Incoming request GET /dashboard/vix/options user_id=APAM9HcH
2026-03-21 01:38:14 | INFO     | httpx | HTTP Request: GET https://api.icicidirect.com/breezeapi/api/v1/customerdetails "HTTP/1.1 200 OK"
2026-03-21 01:38:14 | INFO     | httpx | HTTP Request: GET https://api.icicidirect.com/breezeapi/api/v1/portfoliopositions "HTTP/1.1 200 OK"
2026-03-21 01:38:15 | INFO     | app.middleware | Incoming request GET /home/data user_id=APAM9HcH
2026-03-21 01:38:15 | INFO     | app.middleware | Incoming request GET /portfolio/data user_id=APAM9HcH
2026-03-21 01:38:15 | INFO     | app.middleware | Incoming request GET /dashboard/vix user_id=APAM9HcH
2026-03-21 01:38:15 | INFO     | app.middleware | Incoming request GET /dashboard/vix/options user_id=APAM9HcH
2026-03-21 01:38:35 | INFO     | httpx | HTTP Request: GET https://api.icicidirect.com/breezeapi/api/v1/customerdetails "HTTP/1.1 200 OK"
2026-03-21 01:38:35 | INFO     | httpx | HTTP Request: GET https://api.icicidirect.com/breezeapi/api/v1/portfoliopositions "HTTP/1.1 200 OK"
2026-03-21 01:38:35 | INFO     | app.middleware | Incoming request GET /portfolio/data user_id=APAM9HcH
2026-03-21 01:38:38 | INFO     | app.middleware | Incoming request GET /dashboard/vix user_id=APAM9HcH
2026-03-21 01:38:38 | INFO     | app.middleware | Incoming request GET /dashboard/vix/options user_id=APAM9HcH
2026-03-21 01:38:41 | INFO     | httpx | HTTP Request: GET https://api.icicidirect.com/breezeapi/api/v1/customerdetails "HTTP/1.1 200 OK"
2026-03-21 01:38:41 | INFO     | httpx | HTTP Request: GET https://api.icicidirect.com/breezeapi/api/v1/portfoliopositions "HTTP/1.1 200 OK"
2026-03-21 01:38:42 | INFO     | app.middleware | Incoming request GET /portfolio/data user_id=APAM9HcH
2026-03-21 01:38:45 | INFO     | app.middleware | Incoming request GET /dashboard/vix user_id=APAM9HcH
2026-03-21 01:38:45 | INFO     | app.middleware | Incoming request GET /dashboard/vix/options user_id=APAM9HcH
2026-03-21 01:39:27 | INFO     | httpx | HTTP Request: GET https://api.icicidirect.com/breezeapi/api/v1/customerdetails "HTTP/1.1 200 OK"
2026-03-21 01:39:28 | INFO     | httpx | HTTP Request: GET https://api.icicidirect.com/breezeapi/api/v1/portfoliopositions "HTTP/1.1 200 OK"
2026-03-21 01:39:30 | INFO     | httpx | HTTP Request: GET https://api.icicidirect.com/breezeapi/api/v1/customerdetails "HTTP/1.1 200 OK"
2026-03-21 01:39:30 | INFO     | httpx | HTTP Request: GET https://api.icicidirect.com/breezeapi/api/v1/portfoliopositions "HTTP/1.1 200 OK"
2026-03-21 01:39:31 | INFO     | app.middleware | Incoming request GET /home/data user_id=APAM9HcH
2026-03-21 01:39:31 | INFO     | app.middleware | Incoming request GET /portfolio/data user_id=APAM9HcH
2026-03-21 01:39:31 | INFO     | app.middleware | Incoming request GET /dashboard/vix user_id=APAM9HcH
2026-03-21 01:39:31 | INFO     | app.middleware | Incoming request GET /dashboard/vix/options user_id=APAM9HcH
2026-03-21 01:39:31 | INFO     | app.middleware | Incoming request GET /home/data user_id=APAM9HcH
2026-03-21 01:39:31 | INFO     | app.middleware | Incoming request GET /portfolio/data user_id=APAM9HcH
2026-03-21 01:39:31 | INFO     | app.middleware | Incoming request GET /dashboard/vix user_id=APAM9HcH
2026-03-21 01:39:31 | INFO     | app.middleware | Incoming request GET /dashboard/vix/options user_id=APAM9HcH
2026-03-21 01:39:40 | INFO     | httpx | HTTP Request: GET https://api.icicidirect.com/breezeapi/api/v1/customerdetails "HTTP/1.1 200 OK"
2026-03-21 01:39:40 | INFO     | httpx | HTTP Request: GET https://api.icicidirect.com/breezeapi/api/v1/portfoliopositions "HTTP/1.1 200 OK"
2026-03-21 01:39:42 | INFO     | app.middleware | Incoming request GET /portfolio/data user_id=APAM9HcH
2026-03-21 01:39:42 | INFO     | app.middleware | Incoming request GET /dashboard/vix user_id=APAM9HcH
2026-03-21 01:39:42 | INFO     | app.middleware | Incoming request GET /dashboard/vix/options user_id=APAM9HcH
2026-03-21 01:43:34 | INFO     | app.middleware | Incoming request GET /home/data user_id=APAM9HcH
2026-03-21 01:48:18 | INFO     | httpx | HTTP Request: GET https://api.icicidirect.com/breezeapi/api/v1/customerdetails "HTTP/1.1 200 OK"
2026-03-21 01:48:19 | INFO     | httpx | HTTP Request: GET https://api.icicidirect.com/breezeapi/api/v1/portfoliopositions "HTTP/1.1 200 OK"
2026-03-21 01:48:19 | INFO     | app.middleware | Incoming request GET /home/data user_id=APAM9HcH
2026-03-21 01:48:19 | INFO     | app.middleware | Incoming request GET /portfolio/data user_id=APAM9HcH
2026-03-21 01:48:19 | INFO     | app.middleware | Incoming request GET /dashboard/vix user_id=APAM9HcH
2026-03-21 01:48:19 | INFO     | app.middleware | Incoming request GET /dashboard/vix/options user_id=APAM9HcH
2026-03-21 01:50:54 | INFO     | httpx | HTTP Request: GET https://api.icicidirect.com/breezeapi/api/v1/customerdetails "HTTP/1.1 200 OK"
2026-03-21 01:50:54 | INFO     | httpx | HTTP Request: GET https://api.icicidirect.com/breezeapi/api/v1/portfoliopositions "HTTP/1.1 200 OK"
2026-03-21 01:50:56 | INFO     | app.middleware | Incoming request GET /home/data user_id=APAM9HcH
2026-03-21 01:50:57 | INFO     | httpx | HTTP Request: GET https://api.icicidirect.com/breezeapi/api/v1/customerdetails "HTTP/1.1 200 OK"
2026-03-21 01:50:57 | INFO     | httpx | HTTP Request: GET https://api.icicidirect.com/breezeapi/api/v1/portfoliopositions "HTTP/1.1 200 OK"
2026-03-21 01:50:59 | INFO     | app.middleware | Incoming request GET /dashboard/vix user_id=APAM9HcH
2026-03-21 01:50:59 | INFO     | app.middleware | Incoming request GET /portfolio/data user_id=APAM9HcH
2026-03-21 01:50:59 | INFO     | app.middleware | Incoming request GET /dashboard/vix/options user_id=APAM9HcH
2026-03-21 01:50:59 | INFO     | app.middleware | Incoming request GET /home/data user_id=APAM9HcH
2026-03-21 01:50:59 | INFO     | app.middleware | Incoming request GET /portfolio/data user_id=APAM9HcH
2026-03-21 01:50:59 | INFO     | app.middleware | Incoming request GET /dashboard/vix user_id=APAM9HcH
2026-03-21 01:50:59 | INFO     | app.middleware | Incoming request GET /dashboard/vix/options user_id=APAM9HcH
2026-03-21 01:54:05 | INFO     | httpx | HTTP Request: GET https://api.icicidirect.com/breezeapi/api/v1/customerdetails "HTTP/1.1 200 OK"
2026-03-21 01:54:05 | INFO     | httpx | HTTP Request: GET https://api.icicidirect.com/breezeapi/api/v1/portfoliopositions "HTTP/1.1 200 OK"
2026-03-21 01:54:07 | INFO     | app.middleware | Incoming request GET /home/data user_id=APAM9HcH
2026-03-21 01:54:07 | INFO     | app.middleware | Incoming request GET /portfolio/data user_id=APAM9HcH
2026-03-21 01:54:07 | INFO     | app.middleware | Incoming request GET /dashboard/vix user_id=APAM9HcH
2026-03-21 01:54:07 | INFO     | app.middleware | Incoming request GET /dashboard/vix/options user_id=APAM9HcH
2026-03-21 01:54:43 | INFO     | httpx | HTTP Request: GET https://api.icicidirect.com/breezeapi/api/v1/customerdetails "HTTP/1.1 200 OK"
2026-03-21 01:54:45 | INFO     | httpx | HTTP Request: GET https://api.icicidirect.com/breezeapi/api/v1/portfoliopositions "HTTP/1.1 200 OK"
2026-03-21 01:54:47 | INFO     | app.middleware | Incoming request GET /home/data user_id=APAM9HcH
2026-03-21 01:54:47 | INFO     | app.middleware | Incoming request GET /portfolio/data user_id=APAM9HcH
2026-03-21 01:54:47 | INFO     | app.middleware | Incoming request GET /dashboard/vix user_id=APAM9HcH
2026-03-21 01:54:47 | INFO     | app.middleware | Incoming request GET /dashboard/vix/options user_id=APAM9HcH
2026-03-21 01:56:21 | INFO     | httpx | HTTP Request: GET https://api.icicidirect.com/breezeapi/api/v1/customerdetails "HTTP/1.1 200 OK"
2026-03-21 01:56:21 | INFO     | httpx | HTTP Request: GET https://api.icicidirect.com/breezeapi/api/v1/portfoliopositions "HTTP/1.1 200 OK"
2026-03-21 01:56:24 | INFO     | app.middleware | Incoming request GET /home/data user_id=APAM9HcH
2026-03-21 01:56:24 | INFO     | app.middleware | Incoming request GET /portfolio/data user_id=APAM9HcH
2026-03-21 01:56:24 | INFO     | app.middleware | Incoming request GET /dashboard/vix user_id=APAM9HcH
2026-03-21 01:56:24 | INFO     | app.middleware | Incoming request GET /dashboard/vix/options user_id=APAM9HcH
2026-03-21 01:56:35 | INFO     | app.middleware | Incoming request GET /dashboard/vix user_id=APAM9HcH
2026-03-21 01:56:35 | INFO     | app.middleware | Incoming request GET /dashboard/vix/options user_id=APAM9HcH
2026-03-21 01:58:06 | INFO     | httpx | HTTP Request: GET https://api.icicidirect.com/breezeapi/api/v1/customerdetails "HTTP/1.1 200 OK"
2026-03-21 01:58:06 | INFO     | httpx | HTTP Request: GET https://api.icicidirect.com/breezeapi/api/v1/portfoliopositions "HTTP/1.1 200 OK"
2026-03-21 01:58:09 | INFO     | app.middleware | Incoming request GET /home/data user_id=APAM9HcH
2026-03-21 01:58:09 | INFO     | app.middleware | Incoming request GET /portfolio/data user_id=APAM9HcH
2026-03-21 01:58:09 | INFO     | app.middleware | Incoming request GET /dashboard/vix user_id=APAM9HcH
2026-03-21 01:58:09 | INFO     | app.middleware | Incoming request GET /dashboard/vix/options user_id=APAM9HcH
2026-03-21 01:58:54 | INFO     | httpx | HTTP Request: GET https://api.icicidirect.com/breezeapi/api/v1/customerdetails "HTTP/1.1 200 OK"
2026-03-21 01:58:54 | INFO     | httpx | HTTP Request: GET https://api.icicidirect.com/breezeapi/api/v1/portfoliopositions "HTTP/1.1 200 OK"
2026-03-21 01:58:55 | INFO     | app.middleware | Incoming request GET /home/data user_id=APAM9HcH
2026-03-21 01:58:55 | INFO     | app.middleware | Incoming request GET /portfolio/data user_id=APAM9HcH
2026-03-21 01:59:04 | INFO     | httpx | HTTP Request: GET https://api.icicidirect.com/breezeapi/api/v1/customerdetails "HTTP/1.1 200 OK"
2026-03-21 01:59:04 | INFO     | httpx | HTTP Request: GET https://api.icicidirect.com/breezeapi/api/v1/portfoliopositions "HTTP/1.1 200 OK"
2026-03-21 01:59:04 | INFO     | app.middleware | Incoming request GET /home/data user_id=APAM9HcH
2026-03-21 01:59:04 | INFO     | app.middleware | Incoming request GET /portfolio/data user_id=APAM9HcH
2026-03-21 02:00:10 | INFO     | httpx | HTTP Request: GET https://api.icicidirect.com/breezeapi/api/v1/customerdetails "HTTP/1.1 200 OK"
2026-03-21 02:00:10 | INFO     | httpx | HTTP Request: GET https://api.icicidirect.com/breezeapi/api/v1/portfoliopositions "HTTP/1.1 200 OK"
2026-03-21 02:00:11 | INFO     | app.middleware | Incoming request GET /portfolio/data user_id=APAM9HcH
2026-03-21 02:00:11 | INFO     | app.middleware | Incoming request GET /home/data user_id=APAM9HcH
2026-03-21 02:00:21 | INFO     | httpx | HTTP Request: GET https://api.icicidirect.com/breezeapi/api/v1/customerdetails "HTTP/1.1 200 OK"
2026-03-21 02:00:21 | INFO     | httpx | HTTP Request: GET https://api.icicidirect.com/breezeapi/api/v1/portfoliopositions "HTTP/1.1 200 OK"
2026-03-21 02:00:22 | INFO     | app.middleware | Incoming request GET /portfolio/data user_id=APAM9HcH
2026-03-21 02:00:22 | INFO     | httpx | HTTP Request: GET https://api.icicidirect.com/breezeapi/api/v1/customerdetails "HTTP/1.1 200 OK"
2026-03-21 02:00:22 | INFO     | httpx | HTTP Request: GET https://api.icicidirect.com/breezeapi/api/v1/portfoliopositions "HTTP/1.1 200 OK"
2026-03-21 02:00:23 | INFO     | app.middleware | Incoming request GET /portfolio/data user_id=APAM9HcH
2026-03-21 02:05:12 | INFO     | httpx | HTTP Request: GET https://api.icicidirect.com/breezeapi/api/v1/customerdetails "HTTP/1.1 200 OK"
2026-03-21 02:05:12 | INFO     | httpx | HTTP Request: GET https://api.icicidirect.com/breezeapi/api/v1/portfoliopositions "HTTP/1.1 200 OK"
2026-03-21 02:05:13 | INFO     | app.middleware | Incoming request GET /portfolio/data user_id=APAM9HcH
2026-03-21 02:05:13 | INFO     | app.middleware | Incoming request GET /home/data user_id=APAM9HcH
2026-03-21 02:05:19 | INFO     | app.middleware | Incoming request GET /dashboard/vix user_id=APAM9HcH
2026-03-21 02:05:19 | INFO     | app.middleware | Incoming request GET /dashboard/vix/options user_id=APAM9HcH
2026-03-21 02:05:28 | INFO     | httpx | HTTP Request: GET https://api.icicidirect.com/breezeapi/api/v1/customerdetails "HTTP/1.1 200 OK"
2026-03-21 02:05:28 | INFO     | httpx | HTTP Request: GET https://api.icicidirect.com/breezeapi/api/v1/portfoliopositions "HTTP/1.1 200 OK"
2026-03-21 02:05:28 | INFO     | app.middleware | Incoming request GET /portfolio/data user_id=APAM9HcH
2026-03-21 02:05:55 | INFO     | app.middleware | Incoming request GET /home/data user_id=APAM9HcH
2026-03-21 02:05:55 | INFO     | app.middleware | Incoming request GET /dashboard/vix user_id=APAM9HcH
2026-03-21 02:05:55 | INFO     | app.middleware | Incoming request GET /dashboard/vix/options user_id=APAM9HcH
2026-03-21 02:06:36 | INFO     | httpx | HTTP Request: GET https://api.icicidirect.com/breezeapi/api/v1/customerdetails "HTTP/1.1 200 OK"
2026-03-21 02:06:37 | INFO     | httpx | HTTP Request: GET https://api.icicidirect.com/breezeapi/api/v1/portfoliopositions "HTTP/1.1 200 OK"
2026-03-21 02:06:40 | INFO     | app.middleware | Incoming request GET /home/data user_id=APAM9HcH
2026-03-21 02:06:40 | INFO     | httpx | HTTP Request: GET https://api.icicidirect.com/breezeapi/api/v1/customerdetails "HTTP/1.1 200 OK"
2026-03-21 02:06:40 | INFO     | httpx | HTTP Request: GET https://api.icicidirect.com/breezeapi/api/v1/portfoliopositions "HTTP/1.1 200 OK"
2026-03-21 02:06:42 | INFO     | app.middleware | Incoming request GET /portfolio/data user_id=APAM9HcH
2026-03-21 02:06:42 | INFO     | app.middleware | Incoming request GET /dashboard/vix user_id=APAM9HcH
2026-03-21 02:06:42 | INFO     | app.middleware | Incoming request GET /dashboard/vix/options user_id=APAM9HcH
2026-03-21 02:06:42 | INFO     | app.middleware | Incoming request GET /home/data user_id=APAM9HcH
2026-03-21 02:06:42 | INFO     | app.middleware | Incoming request GET /portfolio/data user_id=APAM9HcH
2026-03-21 02:06:42 | INFO     | app.middleware | Incoming request GET /dashboard/vix user_id=APAM9HcH
2026-03-21 02:06:43 | INFO     | app.middleware | Incoming request GET /dashboard/vix/options user_id=APAM9HcH
2026-03-21 02:12:24 | INFO     | httpx | HTTP Request: GET https://api.icicidirect.com/breezeapi/api/v1/customerdetails "HTTP/1.1 200 OK"
2026-03-21 02:12:24 | INFO     | httpx | HTTP Request: GET https://api.icicidirect.com/breezeapi/api/v1/portfoliopositions "HTTP/1.1 200 OK"
2026-03-21 02:12:28 | INFO     | app.middleware | Incoming request GET /home/data user_id=APAM9HcH
2026-03-21 02:12:28 | INFO     | app.middleware | Incoming request GET /portfolio/data user_id=APAM9HcH
2026-03-21 02:12:28 | INFO     | app.middleware | Incoming request GET /dashboard/vix user_id=APAM9HcH
2026-03-21 02:12:28 | INFO     | app.middleware | Incoming request GET /dashboard/vix/options user_id=APAM9HcH
2026-03-21 02:12:32 | INFO     | app.middleware | Incoming request GET /dashboard/vix user_id=APAM9HcH
2026-03-21 02:12:32 | INFO     | app.middleware | Incoming request GET /dashboard/vix/options user_id=APAM9HcH
2026-03-21 02:12:33 | INFO     | httpx | HTTP Request: GET https://api.icicidirect.com/breezeapi/api/v1/customerdetails "HTTP/1.1 200 OK"
2026-03-21 02:12:33 | INFO     | httpx | HTTP Request: GET https://api.icicidirect.com/breezeapi/api/v1/portfoliopositions "HTTP/1.1 200 OK"
2026-03-21 02:12:33 | INFO     | app.middleware | Incoming request GET /portfolio/data user_id=APAM9HcH
2026-03-21 02:12:36 | INFO     | app.middleware | Incoming request GET /dashboard/vix user_id=APAM9HcH
2026-03-21 02:12:36 | INFO     | app.middleware | Incoming request GET /dashboard/vix/options user_id=APAM9HcH
2026-03-21 02:12:37 | INFO     | httpx | HTTP Request: GET https://api.icicidirect.com/breezeapi/api/v1/customerdetails "HTTP/1.1 200 OK"
2026-03-21 02:12:37 | INFO     | httpx | HTTP Request: GET https://api.icicidirect.com/breezeapi/api/v1/portfoliopositions "HTTP/1.1 200 OK"
2026-03-21 02:12:37 | INFO     | app.middleware | Incoming request GET /portfolio/data user_id=APAM9HcH
2026-03-21 02:12:38 | INFO     | app.middleware | Incoming request GET /order user_id=127.0.0.1
2026-03-21 02:12:39 | INFO     | icici_breeze_backend.core.icici_client | Fetching orders for user APAM9HcH
2026-03-21 02:12:39 | WARNING  | icici_breeze_backend.core.icici_client | Call attempt 1 failed: Number of days between from_date & to_date should not be more than 10
2026-03-21 02:12:40 | WARNING  | icici_breeze_backend.core.icici_client | Call attempt 2 failed: Number of days between from_date & to_date should not be more than 10
2026-03-21 02:12:42 | WARNING  | icici_breeze_backend.core.icici_client | Call attempt 3 failed: Number of days between from_date & to_date should not be more than 10
2026-03-21 02:12:42 | INFO     | app.middleware | Incoming request GET /order/data user_id=APAM9HcH
2026-03-21 02:12:52 | INFO     | httpx | HTTP Request: GET https://api.icicidirect.com/breezeapi/api/v1/customerdetails "HTTP/1.1 200 OK"
2026-03-21 02:12:52 | INFO     | httpx | HTTP Request: GET https://api.icicidirect.com/breezeapi/api/v1/portfoliopositions "HTTP/1.1 200 OK"
2026-03-21 02:12:52 | INFO     | app.middleware | Incoming request GET /portfolio/data user_id=APAM9HcH
